timestamp,rssi,ber,network_type,network_operator,network_operator_numeric,network_band,network_channel,mcc,mnc,pcid,earfcn,qeng_band_indicator,ul_bandwidth,dl_bandwidth,qeng_rssi,srxlev,cell_id,enodeb_id,cell_sector_id,lac,registration_status,eps_reg_status,eps_tac,eps_cell_id,eps_act,cs_reg_status,cs_lac,cs_cell_id,cs_act,ip_address,connection_state,rx_bytes,tx_bytes,rsrp,rsrq,sinr
2026-01-26T03:11:15.311744Z,-999,0,OTHER,Unknown,Unknown,,0,-999,-999,-999,-999,-999,-999,-999,-999,-999,0,-1,-1,0,Not Registered,,,,,,,,,,Connected,0,0,-999,-999,-999
2026-01-26T03:11:45.553077Z,-999,0,OTHER,Unknown,Unknown,,0,-999,-999,-999,-999,-999,-999,-999,-999,-999,0,-1,-1,0,Not Registered,,,,,,,,,,Connected,0,0,-999,-999,-999
2026-01-26T03:12:15.796376Z,-999,0,OTHER,Unknown,Unknown,,0,-999,-999,-999,-999,-999,-999,-999,-999,-999,0,-1,-1,0,Not Registered,,,,,,,,,,Connected,0,0,-999,-999,-999
2026-01-26T03:12:46.040621Z,-999,0,OTHER,Unknown,Unknown,,0,-999,-999,-999,-999,-999,-999,-999,-999,-999,0,-1,-1,0,Not Registered,,,,,,,,,,Connected,0,0,-999,-999,-999
2026-01-26T03:13:16.285403Z,-999,0,OTHER,Unknown,Unknown,,0,-999,-999,-999,-999,-999,-999,-999,-999,-999,0,-1,-1,0,Not Registered,,,,,,,,,,Connected,0,0,-999,-999,-999
2026-01-26T03:13:46.530875Z,-999,0,OTHER,Unknown,Unknown,,0,-999,-999,-999,-999,-999,-999,-999,-999,-999,0,-1,-1,0,Not Registered,,,,,,,,,,Connected,0,0,-999,-999,-999
2026-01-26T03:14:16.777227Z,-999,0,OTHER,Unknown,Unknown,,0,-999,-999,-999,-999,-999,-999,-999,-999,-999,0,-1,-1,0,Not Registered,,,,,,,,,,Connected,0,0,-999,-999,-999
2026-01-26T03:14:47.023285Z,-999,0,OTHER,Unknown,Unknown,,0,-999,-999,-999,-999,-999,-999,-999,-999,-999,0,-1,-1,0,Not Registered,,,,,,,,,,Connected,0,0,-999,-999,-999
2026-01-26T03:15:17.266488Z,-999,0,OTHER,Unknown,Unknown,,0,-999,-999,-999,-999,-999,-999,-999,-999,-999,0,-1,-1,0,Not Registered,,,,,,,,,,Connected,0,0,-999,-999,-999
2026-01-26T03:15:47.508077Z,-999,0,OTHER,Unknown,Unknown,,0,-999,-999,-999,-999,-999,-999,-999,-999,-999,0,-1,-1,0,Not Registered,,,,,,,,,,Connected,0,0,-999,-999,-999
2026-01-26T03:16:17.752020Z,-999,0,OTHER,Unknown,Unknown,,0,-999,-999,-999,-999,-999,-999,-999,-999,-999,0,-1,-1,0,Not Registered,,,,,,,,,,Connected,0,0,-999,-999,-999
2026-01-26T03:16:47.994258Z,-999,0,OTHER,Unknown,Unknown,,0,-999,-999,-999,-999,-999,-999,-999,-999,-999,0,-1,-1,0,Not Registered,,,,,,,,,,Connected,0,0,-999,-999,-999
2026-01-26T03:17:18.239859Z,-999,0,OTHER,Unknown,Unknown,,0,-999,-999,-999,-999,-999,-999,-999,-999,-999,0,-1,-1,0,Not Registered,,,,,,,,,,Connected,0,0,-999,-999,-999
2026-01-26T03:17:48.489703Z,-999,0,OTHER,Unknown,Unknown,,0,-999,-999,-999,-999,-999,-999,-999,-999,-999,0,-1,-1,0,Not Registered,,,,,,,,,,Connected,0,0,-999,-999,-999
2026-01-26T03:18:18.741480Z,-999,0,OTHER,Unknown,Unknown,,0,-999,-999,-999,-999,-999,-999,-999,-999,-999,0,-1,-1,0,Not Registered,,,,,,,,,,Connected,0,0,-999,-999,-999
2026-01-26T03:18:48.992641Z,-999,0,OTHER,Unknown,Unknown,,0,-999,-999,-999,-999,-999,-999,-999,-999,-999,0,-1,-1,0,Not Registered,,,,,,,,,,Connected,0,0,-999,-999,-999
2026-01-26T03:19:19.246865Z,-999,0,OTHER,Unknown,Unknown,,0,-999,-999,-999,-999,-999,-999,-999,-999,-999,0,-1,-1,0,Not Registered,,,,,,,,,,Connected,0,0,-999,-999,-999
2026-01-26T03:19:49.493941Z,-999,0,OTHER,Unknown,Unknown,,0,-999,-999,-999,-999,-999,-999,-999,-999,-999,0,-1,-1,0,Not Registered,,,,,,,,,,Connected,0,0,-999,-999,-999
2026-01-26T03:20:19.743596Z,-999,0,OTHER,Unknown,Unknown,,0,-999,-999,-999,-999,-999,-999,-999,-999,-999,0,-1,-1,0,Not Registered,,,,,,,,,,Connected,0,0,-999,-999,-999
