timestamp,rssi,ber,network_type,network_operator,network_operator_numeric,network_band,network_channel,mcc,mnc,pcid,earfcn,qeng_band_indicator,ul_bandwidth,dl_bandwidth,qeng_rssi,srxlev,cell_id,enodeb_id,cell_sector_id,lac,registration_status,eps_reg_status,eps_tac,eps_cell_id,eps_act,cs_reg_status,cs_lac,cs_cell_id,cs_act,ip_address,connection_state,rx_bytes,tx_bytes,rsrp,rsrq,sinr
2026-01-26T06:55:36.996891Z,-999,0,OTHER,Unknown,Unknown,,0,-999,-999,-999,-999,-999,-999,-999,-999,-999,0,-1,-1,0,Not Registered,,,,,,,,,,Connected,0,0,-999,-999,-999
2026-01-26T06:56:07.241315Z,-999,0,OTHER,Unknown,Unknown,,0,-999,-999,-999,-999,-999,-999,-999,-999,-999,0,-1,-1,0,Not Registered,,,,,,,,,,Connected,0,0,-999,-999,-999
2026-01-26T06:56:37.484575Z,-999,0,OTHER,Unknown,Unknown,,0,-999,-999,-999,-999,-999,-999,-999,-999,-999,0,-1,-1,0,Not Registered,,,,,,,,,,Connected,0,0,-999,-999,-999
2026-01-26T06:57:07.727734Z,-999,0,OTHER,Unknown,Unknown,,0,-999,-999,-999,-999,-999,-999,-999,-999,-999,0,-1,-1,0,Not Registered,,,,,,,,,,Connected,0,0,-999,-999,-999
