timestamp,rssi,ber,network_type,network_operator,network_operator_numeric,network_band,network_channel,mcc,mnc,pcid,earfcn,qeng_band_indicator,ul_bandwidth,dl_bandwidth,qeng_rssi,srxlev,cell_id,enodeb_id,cell_sector_id,lac,registration_status,eps_reg_status,eps_tac,eps_cell_id,eps_act,cs_reg_status,cs_lac,cs_cell_id,cs_act,ip_address,connection_state,rx_bytes,tx_bytes,rsrp,rsrq,sinr
2026-01-26T06:35:28.057348Z,-999,0,OTHER,Unknown,Unknown,,0,-999,-999,-999,-999,-999,-999,-999,-999,-999,0,-1,-1,0,Not Registered,,,,,,,,,,Connected,0,0,-999,-999,-999
2026-01-26T06:40:59.929437Z,-999,0,OTHER,Unknown,Unknown,,0,-999,-999,-999,-999,-999,-999,-999,-999,-999,0,-1,-1,0,Not Registered,,,,,,,,,,Connected,0,0,-999,-999,-999
2026-01-26T06:41:30.170608Z,-999,0,OTHER,Unknown,Unknown,,0,-999,-999,-999,-999,-999,-999,-999,-999,-999,0,-1,-1,0,Not Registered,,,,,,,,,,Connected,0,0,-999,-999,-999
2026-01-26T06:42:00.413490Z,-999,0,OTHER,Unknown,Unknown,,0,-999,-999,-999,-999,-999,-999,-999,-999,-999,0,-1,-1,0,Not Registered,,,,,,,,,,Connected,0,0,-999,-999,-999
2026-01-26T06:42:30.665395Z,-999,0,OTHER,Unknown,Unknown,,0,-999,-999,-999,-999,-999,-999,-999,-999,-999,0,-1,-1,0,Not Registered,,,,,,,,,,Connected,0,0,-999,-999,-999
2026-01-26T06:43:00.910117Z,-999,0,OTHER,Unknown,Unknown,,0,-999,-999,-999,-999,-999,-999,-999,-999,-999,0,-1,-1,0,Not Registered,,,,,,,,,,Connected,0,0,-999,-999,-999
2026-01-26T06:43:31.154119Z,-999,0,OTHER,Unknown,Unknown,,0,-999,-999,-999,-999,-999,-999,-999,-999,-999,0,-1,-1,0,Not Registered,,,,,,,,,,Connected,0,0,-999,-999,-999
2026-01-26T06:44:01.398001Z,-999,0,OTHER,Unknown,Unknown,,0,-999,-999,-999,-999,-999,-999,-999,-999,-999,0,-1,-1,0,Not Registered,,,,,,,,,,Connected,0,0,-999,-999,-999
2026-01-26T06:44:31.641528Z,-999,0,OTHER,Unknown,Unknown,,0,-999,-999,-999,-999,-999,-999,-999,-999,-999,0,-1,-1,0,Not Registered,,,,,,,,,,Connected,0,0,-999,-999,-999
2026-01-26T06:45:01.883427Z,-999,0,OTHER,Unknown,Unknown,,0,-999,-999,-999,-999,-999,-999,-999,-999,-999,0,-1,-1,0,Not Registered,,,,,,,,,,Connected,0,0,-999,-999,-999
