timestamp,rssi,ber,network_type,network_operator,network_operator_numeric,network_band,network_channel,mcc,mnc,pcid,earfcn,qeng_band_indicator,ul_bandwidth,dl_bandwidth,qeng_rssi,srxlev,cell_id,enodeb_id,cell_sector_id,lac,registration_status,eps_reg_status,eps_tac,eps_cell_id,eps_act,cs_reg_status,cs_lac,cs_cell_id,cs_act,ip_address,connection_state,rx_bytes,tx_bytes,rsrp,rsrq,sinr
2026-01-23T07:33:01.602442Z,-999,0,OTHER,Unknown,Unknown,,0,-999,-999,-999,-999,-999,-999,-999,-999,-999,0,-1,-1,0,Not Registered,,,,,,,,,,Connected,0,0,-999,-999,-999
2026-01-23T07:33:31.848129Z,-999,0,OTHER,Unknown,Unknown,,0,-999,-999,-999,-999,-999,-999,-999,-999,-999,0,-1,-1,0,Not Registered,,,,,,,,,,Connected,0,0,-999,-999,-999
2026-01-23T07:34:02.093632Z,-999,0,OTHER,Unknown,Unknown,,0,-999,-999,-999,-999,-999,-999,-999,-999,-999,0,-1,-1,0,Not Registered,,,,,,,,,,Connected,0,0,-999,-999,-999
2026-01-23T07:34:32.339428Z,-999,0,OTHER,Unknown,Unknown,,0,-999,-999,-999,-999,-999,-999,-999,-999,-999,0,-1,-1,0,Not Registered,,,,,,,,,,Connected,0,0,-999,-999,-999
2026-01-23T07:35:02.584648Z,-999,0,OTHER,Unknown,Unknown,,0,-999,-999,-999,-999,-999,-999,-999,-999,-999,0,-1,-1,0,Not Registered,,,,,,,,,,Connected,0,0,-999,-999,-999
2026-01-23T07:35:32.829698Z,-999,0,OTHER,Unknown,Unknown,,0,-999,-999,-999,-999,-999,-999,-999,-999,-999,0,-1,-1,0,Not Registered,,,,,,,,,,Connected,0,0,-999,-999,-999
2026-01-23T07:36:03.074698Z,-999,0,OTHER,Unknown,Unknown,,0,-999,-999,-999,-999,-999,-999,-999,-999,-999,0,-1,-1,0,Not Registered,,,,,,,,,,Connected,0,0,-999,-999,-999
2026-01-23T07:36:33.319504Z,-999,0,OTHER,Unknown,Unknown,,0,-999,-999,-999,-999,-999,-999,-999,-999,-999,0,-1,-1,0,Not Registered,,,,,,,,,,Connected,0,0,-999,-999,-999
2026-01-23T07:37:03.564086Z,-999,0,OTHER,Unknown,Unknown,,0,-999,-999,-999,-999,-999,-999,-999,-999,-999,0,-1,-1,0,Not Registered,,,,,,,,,,Connected,0,0,-999,-999,-999
2026-01-23T07:37:33.808973Z,-999,0,OTHER,Unknown,Unknown,,0,-999,-999,-999,-999,-999,-999,-999,-999,-999,0,-1,-1,0,Not Registered,,,,,,,,,,Connected,0,0,-999,-999,-999
2026-01-23T07:38:04.054469Z,-999,0,OTHER,Unknown,Unknown,,0,-999,-999,-999,-999,-999,-999,-999,-999,-999,0,-1,-1,0,Not Registered,,,,,,,,,,Connected,0,0,-999,-999,-999
2026-01-23T07:38:34.299726Z,-999,0,OTHER,Unknown,Unknown,,0,-999,-999,-999,-999,-999,-999,-999,-999,-999,0,-1,-1,0,Not Registered,,,,,,,,,,Connected,0,0,-999,-999,-999
2026-01-23T07:39:04.544851Z,-999,0,OTHER,Unknown,Unknown,,0,-999,-999,-999,-999,-999,-999,-999,-999,-999,0,-1,-1,0,Not Registered,,,,,,,,,,Connected,0,0,-999,-999,-999
2026-01-23T07:39:34.790482Z,-999,0,OTHER,Unknown,Unknown,,0,-999,-999,-999,-999,-999,-999,-999,-999,-999,0,-1,-1,0,Not Registered,,,,,,,,,,Connected,0,0,-999,-999,-999
2026-01-23T07:40:05.036392Z,-999,0,OTHER,Unknown,Unknown,,0,-999,-999,-999,-999,-999,-999,-999,-999,-999,0,-1,-1,0,Not Registered,,,,,,,,,,Connected,0,0,-999,-999,-999
2026-01-23T07:40:35.281442Z,-999,0,OTHER,Unknown,Unknown,,0,-999,-999,-999,-999,-999,-999,-999,-999,-999,0,-1,-1,0,Not Registered,,,,,,,,,,Connected,0,0,-999,-999,-999
2026-01-23T07:41:05.527112Z,-999,0,OTHER,Unknown,Unknown,,0,-999,-999,-999,-999,-999,-999,-999,-999,-999,0,-1,-1,0,Not Registered,,,,,,,,,,Connected,0,0,-999,-999,-999
