timestamp,terminal_id,state,uptime,downlink_throughput_bps,uplink_throughput_bps,ping_drop_rate,ping_latency_ms,snr,seconds_to_first_nonempty_slot,azimuth,elevation,pop_ping_drop_rate,pop_ping_latency_ms,latitude,longitude,altitude,gps_sats,hardware_version,software_version,alerts.alert_motors_stuck,alerts.alert_thermal_throttle,alerts.alert_thermal_shutdown,alerts.alert_mast_not_near_vertical,alerts.alert_unexpected_location,alerts.alert_slow_ethernet_speeds,alerts.alert_slow_ethernet_speeds_100,alerts.alert_roaming,alerts.alert_install_pending,alerts.alert_is_heating,alerts.alert_power_supply_thermal_throttle,alerts.alert_is_power_save_idle,alerts.alert_dbf_telem_stale,alerts.alert_low_motor_current,alerts.alert_lower_signal_than_predicted,alerts.alert_obstruction_map_reset,alerts.alert_dish_water_detected,alerts.alert_router_water_detected,alerts.alert_upsu_router_port_slow,alerts.alert_no_ethernet_link,obstruction.wedges_fraction_obstructed[],obstruction.raw_wedges_fraction_obstructed[],obstruction.valid_s,raw_status.id,raw_status.hardware_version,raw_status.software_version,raw_status.state,raw_status.uptime,raw_status.snr,raw_status.seconds_to_first_nonempty_slot,raw_status.pop_ping_drop_rate,raw_status.downlink_throughput_bps,raw_status.uplink_throughput_bps,raw_status.pop_ping_latency_ms,raw_status.alerts,raw_status.fraction_obstructed,raw_status.currently_obstructed,raw_status.seconds_obstructed,raw_status.obstruction_duration,raw_status.obstruction_interval,raw_status.direction_azimuth,raw_status.direction_elevation,raw_status.is_snr_above_noise_floor,raw_status.gps_ready,raw_status.gps_enabled,raw_status.gps_sats,raw_location.latitude,raw_location.longitude,raw_location.altitude
2026-01-27T02:22:32.913309Z,ut00c88185-c110861b-985a3bce,BOOTING,48,0.0,9806.283203125,1.0,-1.0,,0.0,0.0,0.0,1.0,-1.0,,,,11,mini1_prod2,2026.01.09.mr71553,False,False,False,False,False,False,False,True,False,False,False,False,False,False,False,False,False,False,False,False,"[None, None, None, None, None, None, None, None, None, None, None, None]","[None, None, None, None, None, None, None, None, None, None, None, None]",0.0,ut00c88185-c110861b-985a3bce,mini1_prod2,2026.01.09.mr71553,BOOTING,48,,0.0,1.0,0.0,9806.283203125,-1.0,64,0.0,False,,,,0.0,0.0,True,True,True,11,,,
2026-01-27T02:22:33.532885Z,ut00c88185-c110861b-985a3bce,BOOTING,49,0.0,9806.283203125,1.0,-1.0,,0.0,0.0,0.0,1.0,-1.0,,,,11,mini1_prod2,2026.01.09.mr71553,False,False,False,False,False,False,False,True,False,False,False,False,False,False,False,False,False,False,False,False,"[None, None, None, None, None, None, None, None, None, None, None, None]","[None, None, None, None, None, None, None, None, None, None, None, None]",0.0,ut00c88185-c110861b-985a3bce,mini1_prod2,2026.01.09.mr71553,BOOTING,49,,0.0,1.0,0.0,9806.283203125,-1.0,64,0.0,False,,,,0.0,0.0,True,True,True,11,,,
2026-01-27T02:22:34.153129Z,ut00c88185-c110861b-985a3bce,BOOTING,50,0.0,61010.34765625,1.0,-1.0,,0.0,0.0,0.0,1.0,-1.0,,,,11,mini1_prod2,2026.01.09.mr71553,False,False,False,False,False,False,False,True,False,False,False,False,False,False,False,False,False,False,False,False,"[None, None, None, None, None, None, None, None, None, None, None, None]","[None, None, None, None, None, None, None, None, None, None, None, None]",0.0,ut00c88185-c110861b-985a3bce,mini1_prod2,2026.01.09.mr71553,BOOTING,50,,0.0,1.0,0.0,61010.34765625,-1.0,64,0.0,False,,,,0.0,0.0,True,True,True,11,,,
2026-01-27T02:22:34.812647Z,ut00c88185-c110861b-985a3bce,BOOTING,50,0.0,43662.703125,1.0,-1.0,,0.0,0.0,0.0,1.0,-1.0,,,,11,mini1_prod2,2026.01.09.mr71553,False,False,False,False,False,False,False,True,False,False,False,False,False,False,False,False,False,False,False,False,"[None, None, None, None, None, None, None, None, None, None, None, None]","[None, None, None, None, None, None, None, None, None, None, None, None]",0.0,ut00c88185-c110861b-985a3bce,mini1_prod2,2026.01.09.mr71553,BOOTING,50,,0.0,1.0,0.0,43662.703125,-1.0,64,0.0,False,,,,0.0,0.0,True,True,True,11,,,
2026-01-27T02:22:35.447177Z,ut00c88185-c110861b-985a3bce,BOOTING,51,0.0,43662.703125,1.0,-1.0,,0.0,0.0,0.0,1.0,-1.0,,,,13,mini1_prod2,2026.01.09.mr71553,False,False,False,False,False,False,False,True,False,False,False,False,False,False,False,False,False,False,False,False,"[None, None, None, None, None, None, None, None, None, None, None, None]","[None, None, None, None, None, None, None, None, None, None, None, None]",0.0,ut00c88185-c110861b-985a3bce,mini1_prod2,2026.01.09.mr71553,BOOTING,51,,0.0,1.0,0.0,43662.703125,-1.0,64,0.0,False,,,,0.0,0.0,True,True,True,13,,,
2026-01-27T02:22:36.112973Z,ut00c88185-c110861b-985a3bce,BOOTING,52,0.0,51313.11328125,1.0,-1.0,,0.0,0.0,0.0,1.0,-1.0,,,,11,mini1_prod2,2026.01.09.mr71553,False,False,False,False,False,False,False,True,False,False,False,False,False,False,False,False,False,False,False,False,"[None, None, None, None, None, None, None, None, None, None, None, None]","[None, None, None, None, None, None, None, None, None, None, None, None]",0.0,ut00c88185-c110861b-985a3bce,mini1_prod2,2026.01.09.mr71553,BOOTING,52,,0.0,1.0,0.0,51313.11328125,-1.0,64,0.0,False,,,,0.0,0.0,True,True,True,11,,,
2026-01-27T02:22:36.753525Z,ut00c88185-c110861b-985a3bce,BOOTING,52,0.0,32598.130859375,1.0,-1.0,,0.0,0.0,0.0,1.0,-1.0,,,,11,mini1_prod2,2026.01.09.mr71553,False,False,False,False,False,False,False,True,False,False,False,False,False,False,False,False,False,False,False,False,"[None, None, None, None, None, None, None, None, None, None, None, None]","[None, None, None, None, None, None, None, None, None, None, None, None]",0.0,ut00c88185-c110861b-985a3bce,mini1_prod2,2026.01.09.mr71553,BOOTING,52,,0.0,1.0,0.0,32598.130859375,-1.0,64,0.0,False,,,,0.0,0.0,True,True,True,11,,,
2026-01-27T02:22:37.412949Z,ut00c88185-c110861b-985a3bce,BOOTING,53,0.0,32598.130859375,1.0,-1.0,,0.0,0.0,0.0,1.0,-1.0,,,,12,mini1_prod2,2026.01.09.mr71553,False,False,False,False,False,False,False,True,False,False,False,False,False,False,False,False,False,False,False,False,"[None, None, None, None, None, None, None, None, None, None, None, None]","[None, None, None, None, None, None, None, None, None, None, None, None]",0.0,ut00c88185-c110861b-985a3bce,mini1_prod2,2026.01.09.mr71553,BOOTING,53,,0.0,1.0,0.0,32598.130859375,-1.0,64,0.0,False,,,,0.0,0.0,True,True,True,12,,,
2026-01-27T02:22:38.033134Z,ut00c88185-c110861b-985a3bce,BOOTING,54,0.0,77267.46875,1.0,-1.0,,0.0,0.0,0.0,1.0,-1.0,,,,12,mini1_prod2,2026.01.09.mr71553,False,False,False,False,False,False,False,True,False,False,False,False,False,False,False,False,False,False,False,False,"[None, None, None, None, None, None, None, None, None, None, None, None]","[None, None, None, None, None, None, None, None, None, None, None, None]",0.0,ut00c88185-c110861b-985a3bce,mini1_prod2,2026.01.09.mr71553,BOOTING,54,,0.0,1.0,0.0,77267.46875,-1.0,64,0.0,False,,,,0.0,0.0,True,True,True,12,,,
2026-01-27T02:22:38.654150Z,ut00c88185-c110861b-985a3bce,BOOTING,54,0.0,32103.203125,1.0,-1.0,,0.0,0.0,0.0,1.0,-1.0,,,,12,mini1_prod2,2026.01.09.mr71553,False,False,False,False,False,False,False,True,False,False,False,False,False,False,False,False,False,False,False,False,"[None, None, None, None, None, None, None, None, None, None, None, None]","[None, None, None, None, None, None, None, None, None, None, None, None]",0.0,ut00c88185-c110861b-985a3bce,mini1_prod2,2026.01.09.mr71553,BOOTING,54,,0.0,1.0,0.0,32103.203125,-1.0,64,0.0,False,,,,0.0,0.0,True,True,True,12,,,
2026-01-27T02:22:39.312362Z,ut00c88185-c110861b-985a3bce,BOOTING,55,0.0,32103.203125,1.0,-1.0,,0.0,0.0,0.0,1.0,-1.0,,,,13,mini1_prod2,2026.01.09.mr71553,False,False,False,False,False,False,False,True,False,False,False,False,False,False,False,False,False,False,False,False,"[None, None, None, None, None, None, None, None, None, None, None, None]","[None, None, None, None, None, None, None, None, None, None, None, None]",0.0,ut00c88185-c110861b-985a3bce,mini1_prod2,2026.01.09.mr71553,BOOTING,55,,0.0,1.0,0.0,32103.203125,-1.0,64,0.0,False,,,,0.0,0.0,True,True,True,13,,,
2026-01-27T02:22:39.933143Z,ut00c88185-c110861b-985a3bce,BOOTING,55,0.0,55398.3671875,1.0,-1.0,,0.0,0.0,0.0,1.0,-1.0,,,,13,mini1_prod2,2026.01.09.mr71553,False,False,False,False,False,False,False,True,False,False,False,False,False,False,False,False,False,False,False,False,"[None, None, None, None, None, None, None, None, None, None, None, None]","[None, None, None, None, None, None, None, None, None, None, None, None]",0.0,ut00c88185-c110861b-985a3bce,mini1_prod2,2026.01.09.mr71553,BOOTING,55,,0.0,1.0,0.0,55398.3671875,-1.0,64,0.0,False,,,,0.0,0.0,True,True,True,13,,,
2026-01-27T02:22:40.553597Z,ut00c88185-c110861b-985a3bce,BOOTING,56,0.0,55398.3671875,1.0,-1.0,,0.0,0.0,0.0,1.0,-1.0,,,,13,mini1_prod2,2026.01.09.mr71553,False,False,False,False,False,False,False,True,False,False,False,False,False,False,False,False,False,False,False,False,"[None, None, None, None, None, None, None, None, None, None, None, None]","[None, None, None, None, None, None, None, None, None, None, None, None]",0.0,ut00c88185-c110861b-985a3bce,mini1_prod2,2026.01.09.mr71553,BOOTING,56,,0.0,1.0,0.0,55398.3671875,-1.0,64,0.0,False,,,,0.0,0.0,True,True,True,13,,,
2026-01-27T02:22:41.232474Z,ut00c88185-c110861b-985a3bce,BOOTING,57,0.0,31557.943359375,1.0,-1.0,,0.0,0.0,0.0,1.0,-1.0,,,,12,mini1_prod2,2026.01.09.mr71553,False,False,False,False,False,False,False,True,False,False,False,False,False,False,False,False,False,False,False,False,"[None, None, None, None, None, None, None, None, None, None, None, None]","[None, None, None, None, None, None, None, None, None, None, None, None]",0.0,ut00c88185-c110861b-985a3bce,mini1_prod2,2026.01.09.mr71553,BOOTING,57,,0.0,1.0,0.0,31557.943359375,-1.0,64,0.0,False,,,,0.0,0.0,True,True,True,12,,,
2026-01-27T02:22:41.854202Z,ut00c88185-c110861b-985a3bce,BOOTING,57,0.0,59802.38671875,1.0,-1.0,,0.0,0.0,0.0,1.0,-1.0,,,,12,mini1_prod2,2026.01.09.mr71553,False,False,False,False,False,False,False,True,False,False,False,False,False,False,False,False,False,False,False,False,"[None, None, None, None, None, None, None, None, None, None, None, None]","[None, None, None, None, None, None, None, None, None, None, None, None]",0.0,ut00c88185-c110861b-985a3bce,mini1_prod2,2026.01.09.mr71553,BOOTING,57,,0.0,1.0,0.0,59802.38671875,-1.0,64,0.0,False,,,,0.0,0.0,True,True,True,12,,,
2026-01-27T02:22:42.513028Z,ut00c88185-c110861b-985a3bce,BOOTING,58,0.0,59802.38671875,1.0,-1.0,,0.0,0.0,0.0,1.0,-1.0,,,,12,mini1_prod2,2026.01.09.mr71553,False,False,False,False,False,False,False,True,False,False,False,False,False,False,False,False,False,False,False,False,"[None, None, None, None, None, None, None, None, None, None, None, None]","[None, None, None, None, None, None, None, None, None, None, None, None]",0.0,ut00c88185-c110861b-985a3bce,mini1_prod2,2026.01.09.mr71553,BOOTING,58,,0.0,1.0,0.0,59802.38671875,-1.0,64,0.0,False,,,,0.0,0.0,True,True,True,12,,,
2026-01-27T02:22:43.132825Z,ut00c88185-c110861b-985a3bce,BOOTING,59,0.0,39283.8515625,1.0,-1.0,,0.0,0.0,0.0,1.0,-1.0,,,,13,mini1_prod2,2026.01.09.mr71553,False,False,False,False,False,False,False,True,False,False,False,False,False,False,False,False,False,False,False,False,"[None, None, None, None, None, None, None, None, None, None, None, None]","[None, None, None, None, None, None, None, None, None, None, None, None]",0.0,ut00c88185-c110861b-985a3bce,mini1_prod2,2026.01.09.mr71553,BOOTING,59,,0.0,1.0,0.0,39283.8515625,-1.0,64,0.0,False,,,,0.0,0.0,True,True,True,13,,,
2026-01-27T02:22:43.753152Z,ut00c88185-c110861b-985a3bce,BOOTING,59,0.0,44577.0625,1.0,-1.0,,0.0,0.0,0.0,1.0,-1.0,,,,13,mini1_prod2,2026.01.09.mr71553,False,False,False,False,False,False,False,True,False,False,False,False,False,False,False,False,False,False,False,False,"[None, None, None, None, None, None, None, None, None, None, None, None]","[None, None, None, None, None, None, None, None, None, None, None, None]",0.0,ut00c88185-c110861b-985a3bce,mini1_prod2,2026.01.09.mr71553,BOOTING,59,,0.0,1.0,0.0,44577.0625,-1.0,64,0.0,False,,,,0.0,0.0,True,True,True,13,,,
2026-01-27T02:22:44.412926Z,ut00c88185-c110861b-985a3bce,BOOTING,60,0.0,44577.0625,1.0,-1.0,,0.0,0.0,0.0,1.0,-1.0,,,,14,mini1_prod2,2026.01.09.mr71553,False,False,False,False,False,False,False,True,False,False,False,False,False,False,False,False,False,False,False,False,"[None, None, None, None, None, None, None, None, None, None, None, None]","[None, None, None, None, None, None, None, None, None, None, None, None]",0.0,ut00c88185-c110861b-985a3bce,mini1_prod2,2026.01.09.mr71553,BOOTING,60,,0.0,1.0,0.0,44577.0625,-1.0,64,0.0,False,,,,0.0,0.0,True,True,True,14,,,
2026-01-27T02:22:45.032780Z,ut00c88185-c110861b-985a3bce,BOOTING,61,0.0,51506.0546875,1.0,-1.0,,0.0,0.0,0.0,1.0,-1.0,,,,13,mini1_prod2,2026.01.09.mr71553,False,False,False,False,False,False,False,True,False,False,False,False,False,False,False,False,False,False,False,False,"[None, None, None, None, None, None, None, None, None, None, None, None]","[None, None, None, None, None, None, None, None, None, None, None, None]",0.0,ut00c88185-c110861b-985a3bce,mini1_prod2,2026.01.09.mr71553,BOOTING,61,,0.0,1.0,0.0,51506.0546875,-1.0,64,0.0,False,,,,0.0,0.0,True,True,True,13,,,
2026-01-27T02:22:45.653378Z,ut00c88185-c110861b-985a3bce,BOOTING,61,0.0,39275.4609375,1.0,-1.0,,0.0,0.0,0.0,1.0,-1.0,,,,13,mini1_prod2,2026.01.09.mr71553,False,False,False,False,False,False,False,True,False,False,False,False,False,False,False,False,False,False,False,False,"[None, None, None, None, None, None, None, None, None, None, None, None]","[None, None, None, None, None, None, None, None, None, None, None, None]",0.0,ut00c88185-c110861b-985a3bce,mini1_prod2,2026.01.09.mr71553,BOOTING,61,,0.0,1.0,0.0,39275.4609375,-1.0,64,0.0,False,,,,0.0,0.0,True,True,True,13,,,
2026-01-27T02:22:46.333274Z,ut00c88185-c110861b-985a3bce,BOOTING,62,0.0,39275.4609375,1.0,-1.0,,0.0,0.0,0.0,1.0,-1.0,,,,14,mini1_prod2,2026.01.09.mr71553,False,False,False,False,False,False,False,True,False,False,False,False,False,False,False,False,False,False,False,False,"[None, None, None, None, None, None, None, None, None, None, None, None]","[None, None, None, None, None, None, None, None, None, None, None, None]",0.0,ut00c88185-c110861b-985a3bce,mini1_prod2,2026.01.09.mr71553,BOOTING,62,,0.0,1.0,0.0,39275.4609375,-1.0,64,0.0,False,,,,0.0,0.0,True,True,True,14,,,
2026-01-27T02:22:46.953282Z,ut00c88185-c110861b-985a3bce,BOOTING,62,0.0,79297.5078125,1.0,-1.0,,0.0,0.0,0.0,1.0,-1.0,,,,14,mini1_prod2,2026.01.09.mr71553,False,False,False,False,False,False,False,True,False,False,False,False,False,False,False,False,False,False,False,False,"[None, None, None, None, None, None, None, None, None, None, None, None]","[None, None, None, None, None, None, None, None, None, None, None, None]",0.0,ut00c88185-c110861b-985a3bce,mini1_prod2,2026.01.09.mr71553,BOOTING,62,,0.0,1.0,0.0,79297.5078125,-1.0,64,0.0,False,,,,0.0,0.0,True,True,True,14,,,
2026-01-27T02:22:47.613230Z,ut00c88185-c110861b-985a3bce,BOOTING,63,0.0,79297.5078125,1.0,-1.0,,0.0,0.0,0.0,1.0,-1.0,,,,14,mini1_prod2,2026.01.09.mr71553,False,False,False,False,False,False,False,True,False,False,False,False,False,False,False,False,False,False,False,False,"[None, None, None, None, None, None, None, None, None, None, None, None]","[None, None, None, None, None, None, None, None, None, None, None, None]",0.0,ut00c88185-c110861b-985a3bce,mini1_prod2,2026.01.09.mr71553,BOOTING,63,,0.0,1.0,0.0,79297.5078125,-1.0,64,0.0,False,,,,0.0,0.0,True,True,True,14,,,
2026-01-27T02:22:48.232066Z,ut00c88185-c110861b-985a3bce,BOOTING,64,0.0,45273.31640625,1.0,-1.0,,0.0,0.0,0.0,1.0,-1.0,,,,14,mini1_prod2,2026.01.09.mr71553,False,False,False,False,False,False,False,True,False,False,False,False,False,False,False,False,False,False,False,False,"[None, None, None, None, None, None, None, None, None, None, None, None]","[None, None, None, None, None, None, None, None, None, None, None, None]",0.0,ut00c88185-c110861b-985a3bce,mini1_prod2,2026.01.09.mr71553,BOOTING,64,,0.0,1.0,0.0,45273.31640625,-1.0,64,0.0,False,,,,0.0,0.0,True,True,True,14,,,
2026-01-27T02:22:48.853098Z,ut00c88185-c110861b-985a3bce,BOOTING,64,0.0,51438.9453125,1.0,-1.0,,0.0,0.0,0.0,1.0,-1.0,,,,14,mini1_prod2,2026.01.09.mr71553,False,False,False,False,False,False,False,True,False,False,False,False,False,False,False,False,False,False,False,False,"[None, None, None, None, None, None, None, None, None, None, None, None]","[None, None, None, None, None, None, None, None, None, None, None, None]",0.0,ut00c88185-c110861b-985a3bce,mini1_prod2,2026.01.09.mr71553,BOOTING,64,,0.0,1.0,0.0,51438.9453125,-1.0,64,0.0,False,,,,0.0,0.0,True,True,True,14,,,
2026-01-27T02:22:49.513047Z,ut00c88185-c110861b-985a3bce,BOOTING,65,0.0,51438.9453125,1.0,-1.0,,0.0,0.0,0.0,1.0,-1.0,,,,14,mini1_prod2,2026.01.09.mr71553,False,False,False,False,False,False,False,True,False,False,False,False,False,False,False,False,False,False,False,False,"[None, None, None, None, None, None, None, None, None, None, None, None]","[None, None, None, None, None, None, None, None, None, None, None, None]",0.0,ut00c88185-c110861b-985a3bce,mini1_prod2,2026.01.09.mr71553,BOOTING,65,,0.0,1.0,0.0,51438.9453125,-1.0,64,0.0,False,,,,0.0,0.0,True,True,True,14,,,
2026-01-27T02:22:50.132757Z,ut00c88185-c110861b-985a3bce,BOOTING,66,0.0,39183.1875,1.0,-1.0,,0.0,0.0,0.0,1.0,-1.0,,,,14,mini1_prod2,2026.01.09.mr71553,False,False,False,False,False,False,False,True,False,False,False,False,False,False,False,False,False,False,False,False,"[None, None, None, None, None, None, None, None, None, None, None, None]","[None, None, None, None, None, None, None, None, None, None, None, None]",0.0,ut00c88185-c110861b-985a3bce,mini1_prod2,2026.01.09.mr71553,BOOTING,66,,0.0,1.0,0.0,39183.1875,-1.0,64,0.0,False,,,,0.0,0.0,True,True,True,14,,,
2026-01-27T02:22:50.753640Z,ut00c88185-c110861b-985a3bce,BOOTING,66,0.0,44820.33203125,1.0,-1.0,,0.0,0.0,0.0,1.0,-1.0,,,,14,mini1_prod2,2026.01.09.mr71553,False,False,False,False,False,False,False,True,False,False,False,False,False,False,False,False,False,False,False,False,"[None, None, None, None, None, None, None, None, None, None, None, None]","[None, None, None, None, None, None, None, None, None, None, None, None]",0.0,ut00c88185-c110861b-985a3bce,mini1_prod2,2026.01.09.mr71553,BOOTING,66,,0.0,1.0,0.0,44820.33203125,-1.0,64,0.0,False,,,,0.0,0.0,True,True,True,14,,,
2026-01-27T02:22:51.412825Z,ut00c88185-c110861b-985a3bce,BOOTING,67,0.0,44820.33203125,1.0,-1.0,,0.0,0.0,0.0,1.0,-1.0,,,,13,mini1_prod2,2026.01.09.mr71553,False,False,False,False,False,False,False,True,False,False,False,False,False,False,False,False,False,False,False,False,"[None, None, None, None, None, None, None, None, None, None, None, None]","[None, None, None, None, None, None, None, None, None, None, None, None]",0.0,ut00c88185-c110861b-985a3bce,mini1_prod2,2026.01.09.mr71553,BOOTING,67,,0.0,1.0,0.0,44820.33203125,-1.0,64,0.0,False,,,,0.0,0.0,True,True,True,13,,,
2026-01-27T02:22:52.032566Z,ut00c88185-c110861b-985a3bce,BOOTING,68,0.0,58997.078125,1.0,-1.0,,0.0,0.0,0.0,1.0,-1.0,,,,14,mini1_prod2,2026.01.09.mr71553,False,False,False,False,False,False,False,True,False,False,False,False,False,False,False,False,False,False,False,False,"[None, None, None, None, None, None, None, None, None, None, None, None]","[None, None, None, None, None, None, None, None, None, None, None, None]",0.0,ut00c88185-c110861b-985a3bce,mini1_prod2,2026.01.09.mr71553,BOOTING,68,,0.0,1.0,0.0,58997.078125,-1.0,64,0.0,False,,,,0.0,0.0,True,True,True,14,,,
2026-01-27T02:22:52.653338Z,ut00c88185-c110861b-985a3bce,BOOTING,68,0.0,39694.89453125,1.0,-1.0,,0.0,0.0,0.0,1.0,-1.0,,,,14,mini1_prod2,2026.01.09.mr71553,False,False,False,False,False,False,False,True,False,False,False,False,False,False,False,False,False,False,False,False,"[None, None, None, None, None, None, None, None, None, None, None, None]","[None, None, None, None, None, None, None, None, None, None, None, None]",0.0,ut00c88185-c110861b-985a3bce,mini1_prod2,2026.01.09.mr71553,BOOTING,68,,0.0,1.0,0.0,39694.89453125,-1.0,64,0.0,False,,,,0.0,0.0,True,True,True,14,,,
2026-01-27T02:22:53.312318Z,ut00c88185-c110861b-985a3bce,BOOTING,69,0.0,39694.89453125,1.0,-1.0,,0.0,0.0,0.0,1.0,-1.0,,,,14,mini1_prod2,2026.01.09.mr71553,False,False,False,False,False,False,False,True,False,False,False,False,False,False,False,False,False,False,False,False,"[None, None, None, None, None, None, None, None, None, None, None, None]","[None, None, None, None, None, None, None, None, None, None, None, None]",0.0,ut00c88185-c110861b-985a3bce,mini1_prod2,2026.01.09.mr71553,BOOTING,69,,0.0,1.0,0.0,39694.89453125,-1.0,64,0.0,False,,,,0.0,0.0,True,True,True,14,,,
2026-01-27T02:22:53.933102Z,ut00c88185-c110861b-985a3bce,BOOTING,69,0.0,55457.0859375,1.0,-1.0,,0.0,0.0,0.0,1.0,-1.0,,,,14,mini1_prod2,2026.01.09.mr71553,False,False,False,False,False,False,False,True,False,False,False,False,False,False,False,False,False,False,False,False,"[None, None, None, None, None, None, None, None, None, None, None, None]","[None, None, None, None, None, None, None, None, None, None, None, None]",0.0,ut00c88185-c110861b-985a3bce,mini1_prod2,2026.01.09.mr71553,BOOTING,69,,0.0,1.0,0.0,55457.0859375,-1.0,64,0.0,False,,,,0.0,0.0,True,True,True,14,,,
2026-01-27T02:22:54.553530Z,ut00c88185-c110861b-985a3bce,BOOTING,70,0.0,55457.0859375,1.0,-1.0,,0.0,0.0,0.0,1.0,-1.0,,,,14,mini1_prod2,2026.01.09.mr71553,False,False,False,False,False,False,False,True,False,False,False,False,False,False,False,False,False,False,False,False,"[None, None, None, None, None, None, None, None, None, None, None, None]","[None, None, None, None, None, None, None, None, None, None, None, None]",0.0,ut00c88185-c110861b-985a3bce,mini1_prod2,2026.01.09.mr71553,BOOTING,70,,0.0,1.0,0.0,55457.0859375,-1.0,64,0.0,False,,,,0.0,0.0,True,True,True,14,,,
2026-01-27T02:22:55.232581Z,ut00c88185-c110861b-985a3bce,BOOTING,71,0.0,33730.59375,1.0,-1.0,,0.0,0.0,0.0,1.0,-1.0,,,,14,mini1_prod2,2026.01.09.mr71553,False,False,False,False,False,False,False,True,False,False,False,False,False,False,False,False,False,False,False,False,"[None, None, None, None, None, None, None, None, None, None, None, None]","[None, None, None, None, None, None, None, None, None, None, None, None]",0.0,ut00c88185-c110861b-985a3bce,mini1_prod2,2026.01.09.mr71553,BOOTING,71,,0.0,1.0,0.0,33730.59375,-1.0,64,0.0,False,,,,0.0,0.0,True,True,True,14,,,
2026-01-27T02:22:55.853132Z,ut00c88185-c110861b-985a3bce,BOOTING,71,0.0,54072.96875,1.0,-1.0,,0.0,0.0,0.0,1.0,-1.0,,,,14,mini1_prod2,2026.01.09.mr71553,False,False,False,False,False,False,False,True,False,False,False,False,False,False,False,False,False,False,False,False,"[None, None, None, None, None, None, None, None, None, None, None, None]","[None, None, None, None, None, None, None, None, None, None, None, None]",0.0,ut00c88185-c110861b-985a3bce,mini1_prod2,2026.01.09.mr71553,BOOTING,71,,0.0,1.0,0.0,54072.96875,-1.0,64,0.0,False,,,,0.0,0.0,True,True,True,14,,,
2026-01-27T02:22:56.632822Z,ut00c88185-c110861b-985a3bce,BOOTING,72,0.0,54072.96875,1.0,-1.0,,0.0,0.0,0.0,1.0,-1.0,,,,14,mini1_prod2,2026.01.09.mr71553,False,False,False,False,False,False,False,True,False,False,False,False,False,False,False,False,False,False,False,False,"[None, None, None, None, None, None, None, None, None, None, None, None]","[None, None, None, None, None, None, None, None, None, None, None, None]",0.0,ut00c88185-c110861b-985a3bce,mini1_prod2,2026.01.09.mr71553,BOOTING,72,,0.0,1.0,0.0,54072.96875,-1.0,64,0.0,False,,,,0.0,0.0,True,True,True,14,,,
2026-01-27T02:22:57.252876Z,ut00c88185-c110861b-985a3bce,BOOTING,73,0.0,62100.86328125,1.0,-1.0,,0.0,0.0,0.0,1.0,-1.0,,,,14,mini1_prod2,2026.01.09.mr71553,False,False,False,False,False,False,False,True,False,False,False,False,False,False,False,False,False,False,False,False,"[None, None, None, None, None, None, None, None, None, None, None, None]","[None, None, None, None, None, None, None, None, None, None, None, None]",0.0,ut00c88185-c110861b-985a3bce,mini1_prod2,2026.01.09.mr71553,BOOTING,73,,0.0,1.0,0.0,62100.86328125,-1.0,64,0.0,False,,,,0.0,0.0,True,True,True,14,,,
2026-01-27T02:22:57.913113Z,ut00c88185-c110861b-985a3bce,BOOTING,73,0.0,50440.69921875,1.0,-1.0,,0.0,0.0,0.0,1.0,-1.0,,,,14,mini1_prod2,2026.01.09.mr71553,False,False,False,False,False,False,False,True,False,False,False,False,False,False,False,False,False,False,False,False,"[None, None, None, None, None, None, None, None, None, None, None, None]","[None, None, None, None, None, None, None, None, None, None, None, None]",0.0,ut00c88185-c110861b-985a3bce,mini1_prod2,2026.01.09.mr71553,BOOTING,73,,0.0,1.0,0.0,50440.69921875,-1.0,64,0.0,False,,,,0.0,0.0,True,True,True,14,,,
2026-01-27T02:22:58.532565Z,ut00c88185-c110861b-985a3bce,BOOTING,74,0.0,50440.69921875,1.0,-1.0,,0.0,0.0,0.0,1.0,-1.0,,,,14,mini1_prod2,2026.01.09.mr71553,False,False,False,False,False,False,False,True,False,False,False,False,False,False,False,False,False,False,False,False,"[None, None, None, None, None, None, None, None, None, None, None, None]","[None, None, None, None, None, None, None, None, None, None, None, None]",0.0,ut00c88185-c110861b-985a3bce,mini1_prod2,2026.01.09.mr71553,BOOTING,74,,0.0,1.0,0.0,50440.69921875,-1.0,64,0.0,False,,,,0.0,0.0,True,True,True,14,,,
2026-01-27T02:22:59.153330Z,ut00c88185-c110861b-985a3bce,BOOTING,75,0.0,40735.08203125,1.0,-1.0,,0.0,0.0,0.0,1.0,-1.0,,,,14,mini1_prod2,2026.01.09.mr71553,False,False,False,False,False,False,False,True,False,False,False,False,False,False,False,False,False,False,False,False,"[None, None, None, None, None, None, None, None, None, None, None, None]","[None, None, None, None, None, None, None, None, None, None, None, None]",0.0,ut00c88185-c110861b-985a3bce,mini1_prod2,2026.01.09.mr71553,BOOTING,75,,0.0,1.0,0.0,40735.08203125,-1.0,64,0.0,False,,,,0.0,0.0,True,True,True,14,,,
2026-01-27T02:22:59.812580Z,ut00c88185-c110861b-985a3bce,BOOTING,75,0.0,44744.8359375,1.0,-1.0,,0.0,0.0,0.0,1.0,-1.0,,,,14,mini1_prod2,2026.01.09.mr71553,False,False,False,False,False,False,False,True,False,False,False,False,False,False,False,False,False,False,False,False,"[None, None, None, None, None, None, None, None, None, None, None, None]","[None, None, None, None, None, None, None, None, None, None, None, None]",0.0,ut00c88185-c110861b-985a3bce,mini1_prod2,2026.01.09.mr71553,BOOTING,75,,0.0,1.0,0.0,44744.8359375,-1.0,64,0.0,False,,,,0.0,0.0,True,True,True,14,,,
2026-01-27T02:23:00.447019Z,ut00c88185-c110861b-985a3bce,BOOTING,76,0.0,44744.8359375,1.0,-1.0,,0.0,0.0,0.0,1.0,-1.0,,,,14,mini1_prod2,2026.01.09.mr71553,False,False,False,False,False,False,False,True,False,False,False,False,False,False,False,False,False,False,False,False,"[None, None, None, None, None, None, None, None, None, None, None, None]","[None, None, None, None, None, None, None, None, None, None, None, None]",0.0,ut00c88185-c110861b-985a3bce,mini1_prod2,2026.01.09.mr71553,BOOTING,76,,0.0,1.0,0.0,44744.8359375,-1.0,64,0.0,False,,,,0.0,0.0,True,True,True,14,,,
2026-01-27T02:23:01.112944Z,ut00c88185-c110861b-985a3bce,BOOTING,77,0.0,50960.79296875,1.0,-1.0,,0.0,0.0,0.0,1.0,-1.0,,,,13,mini1_prod2,2026.01.09.mr71553,False,False,False,False,False,False,False,True,False,False,False,False,False,False,False,False,False,False,False,False,"[None, None, None, None, None, None, None, None, None, None, None, None]","[None, None, None, None, None, None, None, None, None, None, None, None]",0.0,ut00c88185-c110861b-985a3bce,mini1_prod2,2026.01.09.mr71553,BOOTING,77,,0.0,1.0,0.0,50960.79296875,-1.0,64,0.0,False,,,,0.0,0.0,True,True,True,13,,,
2026-01-27T02:23:01.734987Z,ut00c88185-c110861b-985a3bce,BOOTING,77,0.0,33445.37890625,1.0,-1.0,,0.0,0.0,0.0,1.0,-1.0,,,,13,mini1_prod2,2026.01.09.mr71553,False,False,False,False,False,False,False,True,False,False,False,False,False,False,False,False,False,False,False,False,"[None, None, None, None, None, None, None, None, None, None, None, None]","[None, None, None, None, None, None, None, None, None, None, None, None]",0.0,ut00c88185-c110861b-985a3bce,mini1_prod2,2026.01.09.mr71553,BOOTING,77,,0.0,1.0,0.0,33445.37890625,-1.0,64,0.0,False,,,,0.0,0.0,True,True,True,13,,,
2026-01-27T02:23:02.353257Z,ut00c88185-c110861b-985a3bce,BOOTING,78,0.0,33445.37890625,1.0,-1.0,,0.0,0.0,0.0,1.0,-1.0,,,,13,mini1_prod2,2026.01.09.mr71553,False,False,False,False,False,False,False,True,False,False,False,False,False,False,False,False,False,False,False,False,"[None, None, None, None, None, None, None, None, None, None, None, None]","[None, None, None, None, None, None, None, None, None, None, None, None]",0.0,ut00c88185-c110861b-985a3bce,mini1_prod2,2026.01.09.mr71553,BOOTING,78,,0.0,1.0,0.0,33445.37890625,-1.0,64,0.0,False,,,,0.0,0.0,True,True,True,13,,,
2026-01-27T02:23:03.013131Z,ut00c88185-c110861b-985a3bce,BOOTING,79,0.0,56748.93359375,1.0,-1.0,,0.0,0.0,0.0,1.0,-1.0,,,,13,mini1_prod2,2026.01.09.mr71553,False,False,False,False,False,False,False,True,False,False,False,False,False,False,False,False,False,False,False,False,"[None, None, None, None, None, None, None, None, None, None, None, None]","[None, None, None, None, None, None, None, None, None, None, None, None]",0.0,ut00c88185-c110861b-985a3bce,mini1_prod2,2026.01.09.mr71553,BOOTING,79,,0.0,1.0,0.0,56748.93359375,-1.0,64,0.0,False,,,,0.0,0.0,True,True,True,13,,,
2026-01-27T02:23:03.632980Z,ut00c88185-c110861b-985a3bce,BOOTING,79,0.0,31415.337890625,1.0,-1.0,,0.0,0.0,0.0,1.0,-1.0,,,,13,mini1_prod2,2026.01.09.mr71553,False,False,False,False,False,False,False,True,False,False,False,False,False,False,False,False,False,False,False,False,"[None, None, None, None, None, None, None, None, None, None, None, None]","[None, None, None, None, None, None, None, None, None, None, None, None]",0.0,ut00c88185-c110861b-985a3bce,mini1_prod2,2026.01.09.mr71553,BOOTING,79,,0.0,1.0,0.0,31415.337890625,-1.0,64,0.0,False,,,,0.0,0.0,True,True,True,13,,,
2026-01-27T02:23:04.253531Z,ut00c88185-c110861b-985a3bce,BOOTING,80,0.0,31415.337890625,1.0,-1.0,,0.0,0.0,0.0,1.0,-1.0,,,,14,mini1_prod2,2026.01.09.mr71553,False,False,False,False,False,False,False,True,False,False,False,False,False,False,False,False,False,False,False,False,"[None, None, None, None, None, None, None, None, None, None, None, None]","[None, None, None, None, None, None, None, None, None, None, None, None]",0.0,ut00c88185-c110861b-985a3bce,mini1_prod2,2026.01.09.mr71553,BOOTING,80,,0.0,1.0,0.0,31415.337890625,-1.0,64,0.0,False,,,,0.0,0.0,True,True,True,14,,,
2026-01-27T02:23:04.913090Z,ut00c88185-c110861b-985a3bce,BOOTING,80,0.0,68576.8671875,1.0,-1.0,,0.0,0.0,0.0,1.0,-1.0,,,,14,mini1_prod2,2026.01.09.mr71553,False,False,False,False,False,False,False,True,False,False,False,False,False,False,False,False,False,False,False,False,"[None, None, None, None, None, None, None, None, None, None, None, None]","[None, None, None, None, None, None, None, None, None, None, None, None]",0.0,ut00c88185-c110861b-985a3bce,mini1_prod2,2026.01.09.mr71553,BOOTING,80,,0.0,1.0,0.0,68576.8671875,-1.0,64,0.0,False,,,,0.0,0.0,True,True,True,14,,,
2026-01-27T02:23:05.533062Z,ut00c88185-c110861b-985a3bce,BOOTING,81,0.0,68576.8671875,1.0,-1.0,,0.0,0.0,0.0,1.0,-1.0,,,,14,mini1_prod2,2026.01.09.mr71553,False,False,False,False,False,False,False,True,False,False,False,False,False,False,False,False,False,False,False,False,"[None, None, None, None, None, None, None, None, None, None, None, None]","[None, None, None, None, None, None, None, None, None, None, None, None]",0.0,ut00c88185-c110861b-985a3bce,mini1_prod2,2026.01.09.mr71553,BOOTING,81,,0.0,1.0,0.0,68576.8671875,-1.0,64,0.0,False,,,,0.0,0.0,True,True,True,14,,,
2026-01-27T02:23:06.153148Z,ut00c88185-c110861b-985a3bce,BOOTING,82,0.0,80841.015625,1.0,-1.0,,0.0,0.0,0.0,1.0,-1.0,,,,14,mini1_prod2,2026.01.09.mr71553,False,False,False,False,False,False,False,True,False,False,False,False,False,False,False,False,False,False,False,False,"[None, None, None, None, None, None, None, None, None, None, None, None]","[None, None, None, None, None, None, None, None, None, None, None, None]",0.0,ut00c88185-c110861b-985a3bce,mini1_prod2,2026.01.09.mr71553,BOOTING,82,,0.0,1.0,0.0,80841.015625,-1.0,64,0.0,False,,,,0.0,0.0,True,True,True,14,,,
2026-01-27T02:23:06.812753Z,ut00c88185-c110861b-985a3bce,BOOTING,82,0.0,73651.9765625,1.0,-1.0,,0.0,0.0,0.0,1.0,-1.0,,,,14,mini1_prod2,2026.01.09.mr71553,False,False,False,False,False,False,False,True,False,False,False,False,False,False,False,False,False,False,False,False,"[None, None, None, None, None, None, None, None, None, None, None, None]","[None, None, None, None, None, None, None, None, None, None, None, None]",0.0,ut00c88185-c110861b-985a3bce,mini1_prod2,2026.01.09.mr71553,BOOTING,82,,0.0,1.0,0.0,73651.9765625,-1.0,64,0.0,False,,,,0.0,0.0,True,True,True,14,,,
2026-01-27T02:23:07.448102Z,ut00c88185-c110861b-985a3bce,BOOTING,83,0.0,73651.9765625,1.0,-1.0,,0.0,0.0,0.0,1.0,-1.0,,,,14,mini1_prod2,2026.01.09.mr71553,False,False,False,False,False,False,False,True,False,False,False,False,False,False,False,False,False,False,False,False,"[None, None, None, None, None, None, None, None, None, None, None, None]","[None, None, None, None, None, None, None, None, None, None, None, None]",0.0,ut00c88185-c110861b-985a3bce,mini1_prod2,2026.01.09.mr71553,BOOTING,83,,0.0,1.0,0.0,73651.9765625,-1.0,64,0.0,False,,,,0.0,0.0,True,True,True,14,,,
2026-01-27T02:23:08.113524Z,ut00c88185-c110861b-985a3bce,BOOTING,84,12004.09765625,69499.6171875,1.0,-1.0,,0.0,0.0,0.0,1.0,-1.0,,,,14,mini1_prod2,2026.01.09.mr71553,False,False,False,False,False,False,False,True,False,False,False,False,False,False,False,False,False,False,False,False,"[None, None, None, None, None, None, None, None, None, None, None, None]","[None, None, None, None, None, None, None, None, None, None, None, None]",0.0,ut00c88185-c110861b-985a3bce,mini1_prod2,2026.01.09.mr71553,BOOTING,84,,0.0,1.0,12004.09765625,69499.6171875,-1.0,64,0.0,False,,,,0.0,0.0,True,True,True,14,,,
2026-01-27T02:23:08.792920Z,ut00c88185-c110861b-985a3bce,BOOTING,84,35433.48046875,62671.2890625,1.0,-1.0,,0.0,0.0,0.0,1.0,-1.0,,,,14,mini1_prod2,2026.01.09.mr71553,False,False,False,False,False,False,False,True,False,False,False,False,False,False,False,False,False,False,False,False,"[None, None, None, None, None, None, None, None, None, None, None, None]","[None, None, None, None, None, None, None, None, None, None, None, None]",0.0,ut00c88185-c110861b-985a3bce,mini1_prod2,2026.01.09.mr71553,BOOTING,84,,0.0,1.0,35433.48046875,62671.2890625,-1.0,64,0.0,False,,,,0.0,0.0,True,True,True,14,,,
2026-01-27T02:23:09.392409Z,ut00c88185-c110861b-985a3bce,BOOTING,85,35433.48046875,62671.2890625,1.0,-1.0,,0.0,0.0,0.0,1.0,-1.0,,,,14,mini1_prod2,2026.01.09.mr71553,False,False,False,False,False,False,False,True,False,False,False,False,False,False,False,False,False,False,False,False,"[None, None, None, None, None, None, None, None, None, None, None, None]","[None, None, None, None, None, None, None, None, None, None, None, None]",0.0,ut00c88185-c110861b-985a3bce,mini1_prod2,2026.01.09.mr71553,BOOTING,85,,0.0,1.0,35433.48046875,62671.2890625,-1.0,64,0.0,False,,,,0.0,0.0,True,True,True,14,,,
2026-01-27T02:23:09.993307Z,ut00c88185-c110861b-985a3bce,BOOTING,85,101980.3046875,58275.66015625,1.0,-1.0,,0.0,0.0,0.0,1.0,-1.0,,,,13,mini1_prod2,2026.01.09.mr71553,False,False,False,False,False,False,False,True,False,False,False,False,False,False,False,False,False,False,False,False,"[None, None, None, None, None, None, None, None, None, None, None, None]","[None, None, None, None, None, None, None, None, None, None, None, None]",0.0,ut00c88185-c110861b-985a3bce,mini1_prod2,2026.01.09.mr71553,BOOTING,85,,0.0,1.0,101980.3046875,58275.66015625,-1.0,64,0.0,False,,,,0.0,0.0,True,True,True,13,,,
2026-01-27T02:23:10.592973Z,ut00c88185-c110861b-985a3bce,BOOTING,86,101980.3046875,58275.66015625,1.0,-1.0,,0.0,0.0,0.0,1.0,-1.0,,,,13,mini1_prod2,2026.01.09.mr71553,False,False,False,False,False,False,False,True,False,False,False,False,False,False,False,False,False,False,False,False,"[None, None, None, None, None, None, None, None, None, None, None, None]","[None, None, None, None, None, None, None, None, None, None, None, None]",0.0,ut00c88185-c110861b-985a3bce,mini1_prod2,2026.01.09.mr71553,BOOTING,86,,0.0,1.0,101980.3046875,58275.66015625,-1.0,64,0.0,False,,,,0.0,0.0,True,True,True,13,,,
2026-01-27T02:23:11.233014Z,ut00c88185-c110861b-985a3bce,BOOTING,87,48796.53125,51816.4296875,1.0,68.6541976928711,,0.0,0.0,0.0,1.0,68.6541976928711,,,,14,mini1_prod2,2026.01.09.mr71553,False,False,False,False,False,False,False,True,False,False,False,False,False,False,False,False,False,False,False,False,"[None, None, None, None, None, None, None, None, None, None, None, None]","[None, None, None, None, None, None, None, None, None, None, None, None]",0.0,ut00c88185-c110861b-985a3bce,mini1_prod2,2026.01.09.mr71553,BOOTING,87,,0.0,1.0,48796.53125,51816.4296875,68.6541976928711,64,0.0,False,,,,0.0,0.0,True,True,True,14,,,
2026-01-27T02:23:11.853204Z,ut00c88185-c110861b-985a3bce,CONNECTED,87,20166.212890625,53854.86328125,1.0,69.68553924560547,,0.0,0.0,0.0,1.0,69.68553924560547,,,,14,mini1_prod2,2026.01.09.mr71553,False,False,False,False,False,False,False,True,False,False,False,False,False,False,False,False,False,False,False,False,"[None, None, None, None, None, None, None, None, None, None, None, None]","[None, None, None, None, None, None, None, None, None, None, None, None]",0.0,ut00c88185-c110861b-985a3bce,mini1_prod2,2026.01.09.mr71553,CONNECTED,87,,0.0,1.0,20166.212890625,53854.86328125,69.68553924560547,64,0.0,False,,,,0.0,0.0,True,True,True,14,,,
2026-01-27T02:23:12.513193Z,ut00c88185-c110861b-985a3bce,CONNECTED,88,20166.212890625,53854.86328125,1.0,69.68553924560547,,0.0,0.0,0.0,1.0,69.68553924560547,,,,14,mini1_prod2,2026.01.09.mr71553,False,False,False,False,False,False,False,True,False,False,False,False,False,False,False,False,False,False,False,False,"[None, None, None, None, None, None, None, None, None, None, None, None]","[None, None, None, None, None, None, None, None, None, None, None, None]",0.0,ut00c88185-c110861b-985a3bce,mini1_prod2,2026.01.09.mr71553,CONNECTED,88,,0.0,1.0,20166.212890625,53854.86328125,69.68553924560547,64,0.0,False,,,,0.0,0.0,True,True,True,14,,,
2026-01-27T02:23:13.132817Z,ut00c88185-c110861b-985a3bce,CONNECTED,89,1610.61279296875,70413.9765625,0.0,69.68553924560547,,0.0,0.0,0.0,0.0,69.68553924560547,,,,14,mini1_prod2,2026.01.09.mr71553,False,False,False,False,False,False,False,True,False,False,False,False,False,False,False,False,False,False,False,False,"[None, None, None, None, None, None, None, None, None, None, None, None]","[None, None, None, None, None, None, None, None, None, None, None, None]",0.0,ut00c88185-c110861b-985a3bce,mini1_prod2,2026.01.09.mr71553,CONNECTED,89,,0.0,0.0,1610.61279296875,70413.9765625,69.68553924560547,64,0.0,False,,,,0.0,0.0,True,True,True,14,,,
2026-01-27T02:23:13.754091Z,ut00c88185-c110861b-985a3bce,BOOTING,89,0.0,44023.4140625,0.0,69.68553924560547,,0.0,174.95889282226562,88.51844787597656,0.0,69.68553924560547,,,,14,mini1_prod2,2026.01.09.mr71553,False,False,False,False,False,False,False,True,False,False,False,False,False,False,False,False,False,False,False,False,"[None, None, None, None, None, None, None, None, None, None, None, None]","[None, None, None, None, None, None, None, None, None, None, None, None]",0.0,ut00c88185-c110861b-985a3bce,mini1_prod2,2026.01.09.mr71553,BOOTING,89,,0.0,0.0,0.0,44023.4140625,69.68553924560547,64,0.0,False,,,,174.95889282226562,88.51844787597656,True,True,True,14,,,
2026-01-27T02:23:14.413575Z,ut00c88185-c110861b-985a3bce,BOOTING,90,0.0,44023.4140625,0.3888888955116272,90.42144012451172,,0.0,-163.84320068359375,89.5407485961914,0.3888888955116272,90.42144012451172,,,,14,mini1_prod2,2026.01.09.mr71553,False,False,False,False,False,False,False,True,False,False,False,False,False,False,False,False,False,False,False,False,"[None, None, None, None, None, None, None, None, None, None, None, None]","[None, None, None, None, None, None, None, None, None, None, None, None]",0.0,ut00c88185-c110861b-985a3bce,mini1_prod2,2026.01.09.mr71553,BOOTING,90,,0.0,0.3888888955116272,0.0,44023.4140625,90.42144012451172,64,0.0,False,,,,-163.84320068359375,89.5407485961914,True,True,True,14,,,
2026-01-27T02:23:15.032847Z,ut00c88185-c110861b-985a3bce,NO_PINGS,91,11593.056640625,60481.86328125,0.699999988079071,76.8351058959961,,0.0,-169.77297973632812,89.6809310913086,0.699999988079071,76.8351058959961,,,,14,mini1_prod2,2026.01.09.mr71553,False,False,False,False,False,False,False,True,False,False,False,False,False,False,False,False,False,False,False,False,"[None, None, None, None, None, None, None, None, None, None, None, None]","[None, None, None, None, None, None, None, None, None, None, None, None]",0.0,ut00c88185-c110861b-985a3bce,mini1_prod2,2026.01.09.mr71553,NO_PINGS,91,,0.0,0.699999988079071,11593.056640625,60481.86328125,76.8351058959961,64,0.0,False,,,,-169.77297973632812,89.6809310913086,True,True,True,14,,,
2026-01-27T02:23:15.654086Z,ut00c88185-c110861b-985a3bce,CONNECTED,91,43486.54296875,32858.17578125,0.8500000238418579,70.09038543701172,,0.0,-164.48699951171875,89.67046356201172,0.8500000238418579,70.09038543701172,,,,14,mini1_prod2,2026.01.09.mr71553,False,False,False,False,False,False,False,True,False,False,False,False,False,False,False,False,False,False,False,False,"[None, None, None, None, None, None, None, None, None, None, None, None]","[None, None, None, None, None, None, None, None, None, None, None, None]",1.0,ut00c88185-c110861b-985a3bce,mini1_prod2,2026.01.09.mr71553,CONNECTED,91,,0.0,0.8500000238418579,43486.54296875,32858.17578125,70.09038543701172,64,0.0,False,,,,-164.48699951171875,89.67046356201172,True,True,True,14,,,
2026-01-27T02:23:16.312972Z,ut00c88185-c110861b-985a3bce,CONNECTED,92,43486.54296875,32858.17578125,0.550000011920929,64.75776672363281,,0.0,-172.42005920410156,89.67296600341797,0.550000011920929,64.75776672363281,,,,13,mini1_prod2,2026.01.09.mr71553,False,False,False,False,False,False,False,True,False,False,False,False,False,False,False,False,False,False,False,False,"[None, None, None, None, None, None, None, None, None, None, None, None]","[None, None, None, None, None, None, None, None, None, None, None, None]",1.0,ut00c88185-c110861b-985a3bce,mini1_prod2,2026.01.09.mr71553,CONNECTED,92,,0.0,0.550000011920929,43486.54296875,32858.17578125,64.75776672363281,64,0.0,False,,,,-172.42005920410156,89.67296600341797,True,True,True,13,,,
2026-01-27T02:23:16.933201Z,ut00c88185-c110861b-985a3bce,CONNECTED,92,8246.001953125,55389.98046875,0.20000000298023224,61.56705856323242,,0.0,-173.70199584960938,89.69158172607422,0.20000000298023224,61.56705856323242,,,,14,mini1_prod2,2026.01.09.mr71553,False,False,False,False,False,False,False,True,False,False,False,False,False,False,False,False,False,False,False,False,"[None, None, None, None, None, None, None, None, None, None, None, None]","[None, None, None, None, None, None, None, None, None, None, None, None]",2.0,ut00c88185-c110861b-985a3bce,mini1_prod2,2026.01.09.mr71553,CONNECTED,92,,0.0,0.20000000298023224,8246.001953125,55389.98046875,61.56705856323242,64,0.0,False,,,,-173.70199584960938,89.69158172607422,True,True,True,14,,,
2026-01-27T02:23:17.572624Z,ut00c88185-c110861b-985a3bce,CONNECTED,93,8246.001953125,55389.98046875,0.0,58.54445266723633,,0.0,-157.8180389404297,89.71855926513672,0.0,58.54445266723633,,,,14,mini1_prod2,2026.01.09.mr71553,False,False,False,False,False,False,False,True,False,False,False,False,False,False,False,False,False,False,False,False,"[None, None, None, None, None, None, None, None, None, None, None, None]","[None, None, None, None, None, None, None, None, None, None, None, None]",2.0,ut00c88185-c110861b-985a3bce,mini1_prod2,2026.01.09.mr71553,CONNECTED,93,,0.0,0.0,8246.001953125,55389.98046875,58.54445266723633,64,0.0,False,,,,-157.8180389404297,89.71855926513672,True,True,True,14,,,
2026-01-27T02:23:18.232827Z,ut00c88185-c110861b-985a3bce,CONNECTED,94,76319.5546875,40114.32421875,0.0,56.49650192260742,,0.0,-166.1806182861328,89.69738006591797,0.0,56.49650192260742,,,,14,mini1_prod2,2026.01.09.mr71553,False,False,False,False,False,False,False,True,False,False,False,False,False,False,False,False,False,False,False,False,"[None, None, None, None, None, None, None, None, None, None, None, None]","[None, None, None, None, None, None, None, None, None, None, None, None]",3.0,ut00c88185-c110861b-985a3bce,mini1_prod2,2026.01.09.mr71553,CONNECTED,94,,0.0,0.0,76319.5546875,40114.32421875,56.49650192260742,64,0.0,False,,,,-166.1806182861328,89.69738006591797,True,True,True,14,,,
2026-01-27T02:23:18.853757Z,ut00c88185-c110861b-985a3bce,CONNECTED,94,144493.765625,54945.3828125,0.0,54.61663055419922,,0.0,-158.82688903808594,89.73614501953125,0.0,54.61663055419922,,,,14,mini1_prod2,2026.01.09.mr71553,False,False,False,False,False,False,False,True,False,False,False,False,False,False,False,False,False,False,False,False,"[None, None, None, None, None, None, None, None, None, None, None, None]","[None, None, None, None, None, None, None, None, None, None, None, None]",4.0,ut00c88185-c110861b-985a3bce,mini1_prod2,2026.01.09.mr71553,CONNECTED,94,,0.0,0.0,144493.765625,54945.3828125,54.61663055419922,64,0.0,False,,,,-158.82688903808594,89.73614501953125,True,True,True,14,,,
2026-01-27T02:23:19.513509Z,ut00c88185-c110861b-985a3bce,CONNECTED,95,144493.765625,54945.3828125,0.0,53.38798141479492,,0.0,-166.70030212402344,89.71273040771484,0.0,53.38798141479492,,,,14,mini1_prod2,2026.01.09.mr71553,False,False,False,False,False,False,False,True,False,False,False,False,False,False,False,False,False,False,False,False,"[None, None, None, None, None, None, None, None, None, None, None, None]","[None, None, None, None, None, None, None, None, None, None, None, None]",4.0,ut00c88185-c110861b-985a3bce,mini1_prod2,2026.01.09.mr71553,CONNECTED,95,,0.0,0.0,144493.765625,54945.3828125,53.38798141479492,64,0.0,False,,,,-166.70030212402344,89.71273040771484,True,True,True,14,,,
2026-01-27T02:23:20.134070Z,ut00c88185-c110861b-985a3bce,CONNECTED,96,9563.0126953125,38965.0859375,0.0,52.154083251953125,,0.0,-167.47279357910156,89.7387466430664,0.0,52.154083251953125,,,,14,mini1_prod2,2026.01.09.mr71553,False,False,False,False,False,False,False,True,False,False,False,False,False,False,False,False,False,False,False,False,"[None, None, None, None, None, None, None, None, None, None, None, None]","[None, None, None, None, None, None, None, None, None, None, None, None]",5.0,ut00c88185-c110861b-985a3bce,mini1_prod2,2026.01.09.mr71553,CONNECTED,96,,0.0,0.0,9563.0126953125,38965.0859375,52.154083251953125,64,0.0,False,,,,-167.47279357910156,89.7387466430664,True,True,True,14,,,
2026-01-27T02:23:20.753917Z,ut00c88185-c110861b-985a3bce,CONNECTED,96,6442.451171875,45894.07421875,0.0,51.35865020751953,,0.0,-145.92120361328125,89.77637481689453,0.0,51.35865020751953,,,,14,mini1_prod2,2026.01.09.mr71553,False,False,False,False,False,False,False,True,False,False,False,False,False,False,False,False,False,False,False,False,"[None, None, None, None, None, None, None, None, None, None, None, None]","[None, None, None, None, None, None, None, None, None, None, None, None]",6.0,ut00c88185-c110861b-985a3bce,mini1_prod2,2026.01.09.mr71553,CONNECTED,96,,0.0,0.0,6442.451171875,45894.07421875,51.35865020751953,64,0.0,False,,,,-145.92120361328125,89.77637481689453,True,True,True,14,,,
2026-01-27T02:23:21.413386Z,ut00c88185-c110861b-985a3bce,CONNECTED,97,6442.451171875,45894.07421875,0.0,50.315425872802734,,0.0,-131.12522888183594,89.73316955566406,0.0,50.315425872802734,,,,14,mini1_prod2,2026.01.09.mr71553,False,False,False,False,False,False,False,True,False,False,False,False,False,False,False,False,False,False,False,False,"[None, None, None, None, None, None, None, None, None, None, None, None]","[None, None, None, None, None, None, None, None, None, None, None, None]",6.0,ut00c88185-c110861b-985a3bce,mini1_prod2,2026.01.09.mr71553,CONNECTED,97,,0.0,0.0,6442.451171875,45894.07421875,50.315425872802734,64,0.0,False,,,,-131.12522888183594,89.73316955566406,True,True,True,14,,,
2026-01-27T02:23:22.032845Z,ut00c88185-c110861b-985a3bce,CONNECTED,98,18605.931640625,55708.74609375,0.0,49.5856819152832,,0.0,-109.03142547607422,89.6196517944336,0.0,49.5856819152832,,,,14,mini1_prod2,2026.01.09.mr71553,False,False,False,False,False,False,False,True,False,False,False,False,False,False,False,False,False,False,False,False,"[None, None, None, None, None, None, None, None, None, None, None, None]","[None, None, None, None, None, None, None, None, None, None, None, None]",7.0,ut00c88185-c110861b-985a3bce,mini1_prod2,2026.01.09.mr71553,CONNECTED,98,,0.0,0.0,18605.931640625,55708.74609375,49.5856819152832,64,0.0,False,,,,-109.03142547607422,89.6196517944336,True,True,True,14,,,
2026-01-27T02:23:22.653960Z,ut00c88185-c110861b-985a3bce,CONNECTED,98,6442.451171875,34720.44921875,0.0,48.814064025878906,,0.0,-117.5149917602539,89.67900848388672,0.0,48.814064025878906,,,,14,mini1_prod2,2026.01.09.mr71553,False,False,False,False,False,False,False,True,False,False,False,False,False,False,False,False,False,False,False,False,"[None, None, None, None, None, None, None, None, None, None, None, None]","[None, None, None, None, None, None, None, None, None, None, None, None]",8.0,ut00c88185-c110861b-985a3bce,mini1_prod2,2026.01.09.mr71553,CONNECTED,98,,0.0,0.0,6442.451171875,34720.44921875,48.814064025878906,64,0.0,False,,,,-117.5149917602539,89.67900848388672,True,True,True,14,,,
2026-01-27T02:23:23.273559Z,ut00c88185-c110861b-985a3bce,CONNECTED,99,6442.451171875,34720.44921875,0.0,48.370628356933594,,0.0,-131.9779815673828,89.72807312011719,0.0,48.370628356933594,,,,14,mini1_prod2,2026.01.09.mr71553,False,False,False,False,False,False,False,True,False,False,False,False,False,False,False,False,False,False,False,False,"[None, None, None, None, None, None, None, None, None, None, None, None]","[None, None, None, None, None, None, None, None, None, None, None, None]",8.0,ut00c88185-c110861b-985a3bce,mini1_prod2,2026.01.09.mr71553,CONNECTED,99,,0.0,0.0,6442.451171875,34720.44921875,48.370628356933594,64,0.0,False,,,,-131.9779815673828,89.72807312011719,True,True,True,14,,,
2026-01-27T02:23:23.933153Z,ut00c88185-c110861b-985a3bce,CONNECTED,99,29687.283203125,52193.91796875,0.0,47.63246154785156,,0.0,-119.23920440673828,89.58468627929688,0.0,47.63246154785156,,,,14,mini1_prod2,2026.01.09.mr71553,False,False,False,False,False,False,False,True,False,False,False,False,False,False,False,False,False,False,False,False,"[None, None, None, None, None, None, None, None, None, None, None, None]","[None, None, None, None, None, None, None, None, None, None, None, None]",9.0,ut00c88185-c110861b-985a3bce,mini1_prod2,2026.01.09.mr71553,CONNECTED,99,,0.0,0.0,29687.283203125,52193.91796875,47.63246154785156,64,0.0,False,,,,-119.23920440673828,89.58468627929688,True,True,True,14,,,
2026-01-27T02:23:24.553857Z,ut00c88185-c110861b-985a3bce,CONNECTED,100,29687.283203125,52193.91796875,0.0,47.13389587402344,,0.0,-118.3833236694336,89.54969024658203,0.0,47.13389587402344,,,,14,mini1_prod2,2026.01.09.mr71553,False,False,False,False,False,False,False,True,False,False,False,False,False,False,False,False,False,False,False,False,"[None, None, None, None, None, None, None, None, None, None, None, None]","[None, None, None, None, None, None, None, None, None, None, None, None]",9.0,ut00c88185-c110861b-985a3bce,mini1_prod2,2026.01.09.mr71553,CONNECTED,100,,0.0,0.0,29687.283203125,52193.91796875,47.13389587402344,64,0.0,False,,,,-118.3833236694336,89.54969024658203,True,True,True,14,,,
2026-01-27T02:23:26.134761Z,ut00c88185-c110861b-985a3bce,CONNECTED,102,5905.580078125,63107.49609375,0.0,45.63811111450195,,0.0,-116.8062744140625,89.5782470703125,0.0,45.63811111450195,,,,14,mini1_prod2,2026.01.09.mr71553,False,False,False,False,False,False,False,True,False,False,False,False,False,False,False,False,False,False,False,False,"[None, None, None, None, None, None, None, None, None, None, None, None]","[None, None, None, None, None, None, None, None, None, None, None, None]",11.0,ut00c88185-c110861b-985a3bce,mini1_prod2,2026.01.09.mr71553,CONNECTED,102,,0.0,0.0,5905.580078125,63107.49609375,45.63811111450195,64,0.0,False,,,,-116.8062744140625,89.5782470703125,True,True,True,14,,,
