timestamp,terminal_id,state,uptime,downlink_throughput_bps,uplink_throughput_bps,ping_drop_rate,ping_latency_ms,snr,seconds_to_first_nonempty_slot,azimuth,elevation,pop_ping_drop_rate,pop_ping_latency_ms,latitude,longitude,altitude,gps_sats,hardware_version,software_version,alerts.alert_motors_stuck,alerts.alert_thermal_throttle,alerts.alert_thermal_shutdown,alerts.alert_mast_not_near_vertical,alerts.alert_unexpected_location,alerts.alert_slow_ethernet_speeds,alerts.alert_slow_ethernet_speeds_100,alerts.alert_roaming,alerts.alert_install_pending,alerts.alert_is_heating,alerts.alert_power_supply_thermal_throttle,alerts.alert_is_power_save_idle,alerts.alert_dbf_telem_stale,alerts.alert_low_motor_current,alerts.alert_lower_signal_than_predicted,alerts.alert_obstruction_map_reset,alerts.alert_dish_water_detected,alerts.alert_router_water_detected,alerts.alert_upsu_router_port_slow,alerts.alert_no_ethernet_link,obstruction.wedges_fraction_obstructed[],obstruction.raw_wedges_fraction_obstructed[],obstruction.valid_s,raw_status.id,raw_status.hardware_version,raw_status.software_version,raw_status.state,raw_status.uptime,raw_status.snr,raw_status.seconds_to_first_nonempty_slot,raw_status.pop_ping_drop_rate,raw_status.downlink_throughput_bps,raw_status.uplink_throughput_bps,raw_status.pop_ping_latency_ms,raw_status.alerts,raw_status.fraction_obstructed,raw_status.currently_obstructed,raw_status.seconds_obstructed,raw_status.obstruction_duration,raw_status.obstruction_interval,raw_status.direction_azimuth,raw_status.direction_elevation,raw_status.is_snr_above_noise_floor,raw_status.gps_ready,raw_status.gps_enabled,raw_status.gps_sats,raw_location.latitude,raw_location.longitude,raw_location.altitude
2026-01-21T05:12:08.514362Z,ut00c88185-c110861b-985a3bce,SKY_SEARCH,12239,0.0,23706.20703125,1.0,90.18168640136719,,0.0,0.0,0.0,1.0,90.18168640136719,,,,14,mini1_prod2,2025.12.30.mr70836,False,False,False,False,False,False,False,True,False,True,False,False,False,False,False,False,False,False,False,False,"[None, None, None, None, None, None, None, None, None, None, None, None]","[None, None, None, None, None, None, None, None, None, None, None, None]",2067.0,ut00c88185-c110861b-985a3bce,mini1_prod2,2025.12.30.mr70836,SKY_SEARCH,12239,,0.0,1.0,0.0,23706.20703125,90.18168640136719,320,0.3217938542366028,False,,5.094475269317627,382.3008728027344,0.0,0.0,True,True,True,14,,,
2026-01-21T05:12:09.134608Z,ut00c88185-c110861b-985a3bce,SKY_SEARCH,12240,0.0,23706.20703125,1.0,90.18168640136719,,0.0,0.0,0.0,1.0,90.18168640136719,,,,14,mini1_prod2,2025.12.30.mr70836,False,False,False,False,False,False,False,True,False,True,False,False,False,False,False,False,False,False,False,False,"[None, None, None, None, None, None, None, None, None, None, None, None]","[None, None, None, None, None, None, None, None, None, None, None, None]",2067.0,ut00c88185-c110861b-985a3bce,mini1_prod2,2025.12.30.mr70836,SKY_SEARCH,12240,,0.0,1.0,0.0,23706.20703125,90.18168640136719,320,0.3217938542366028,False,,5.094475269317627,382.3008728027344,0.0,0.0,True,True,True,14,,,
2026-01-21T05:12:09.793824Z,ut00c88185-c110861b-985a3bce,SKY_SEARCH,12241,0.0,32757.513671875,1.0,90.18168640136719,,0.0,0.0,0.0,1.0,90.18168640136719,,,,15,mini1_prod2,2025.12.30.mr70836,False,False,False,False,False,False,False,True,False,True,False,False,False,False,False,False,False,False,False,False,"[None, None, None, None, None, None, None, None, None, None, None, None]","[None, None, None, None, None, None, None, None, None, None, None, None]",2067.0,ut00c88185-c110861b-985a3bce,mini1_prod2,2025.12.30.mr70836,SKY_SEARCH,12241,,0.0,1.0,0.0,32757.513671875,90.18168640136719,320,0.3217938542366028,False,,5.094475269317627,382.3008728027344,0.0,0.0,True,True,True,15,,,
2026-01-21T05:12:10.414803Z,ut00c88185-c110861b-985a3bce,SKY_SEARCH,12241,0.0,54660.16796875,1.0,90.18168640136719,,0.0,0.0,0.0,1.0,90.18168640136719,,,,14,mini1_prod2,2025.12.30.mr70836,False,False,False,False,False,False,False,True,False,True,False,False,False,False,False,False,False,False,False,False,"[None, None, None, None, None, None, None, None, None, None, None, None]","[None, None, None, None, None, None, None, None, None, None, None, None]",2067.0,ut00c88185-c110861b-985a3bce,mini1_prod2,2025.12.30.mr70836,SKY_SEARCH,12241,,0.0,1.0,0.0,54660.16796875,90.18168640136719,320,0.3217938542366028,False,,5.094475269317627,382.3008728027344,0.0,0.0,True,True,True,14,,,
2026-01-21T05:12:11.033993Z,ut00c88185-c110861b-985a3bce,SKY_SEARCH,12242,0.0,54660.16796875,1.0,90.18168640136719,,0.0,0.0,0.0,1.0,90.18168640136719,,,,14,mini1_prod2,2025.12.30.mr70836,False,False,False,False,False,False,False,True,False,True,False,False,False,False,False,False,False,False,False,False,"[None, None, None, None, None, None, None, None, None, None, None, None]","[None, None, None, None, None, None, None, None, None, None, None, None]",2067.0,ut00c88185-c110861b-985a3bce,mini1_prod2,2025.12.30.mr70836,SKY_SEARCH,12242,,0.0,1.0,0.0,54660.16796875,90.18168640136719,320,0.3217938542366028,False,,5.094475269317627,382.3008728027344,0.0,0.0,True,True,True,14,,,
2026-01-21T05:12:11.693522Z,ut00c88185-c110861b-985a3bce,SKY_SEARCH,12242,0.0,38277.21875,1.0,90.18168640136719,,0.0,0.0,0.0,1.0,90.18168640136719,,,,14,mini1_prod2,2025.12.30.mr70836,False,False,False,False,False,False,False,True,False,True,False,False,False,False,False,False,False,False,False,False,"[None, None, None, None, None, None, None, None, None, None, None, None]","[None, None, None, None, None, None, None, None, None, None, None, None]",2067.0,ut00c88185-c110861b-985a3bce,mini1_prod2,2025.12.30.mr70836,SKY_SEARCH,12242,,0.0,1.0,0.0,38277.21875,90.18168640136719,320,0.3217938542366028,False,,5.094475269317627,382.3008728027344,0.0,0.0,True,True,True,14,,,
2026-01-21T05:12:12.314093Z,ut00c88185-c110861b-985a3bce,SKY_SEARCH,12243,0.0,43016.78125,1.0,90.18168640136719,,0.0,0.0,0.0,1.0,90.18168640136719,,,,13,mini1_prod2,2025.12.30.mr70836,False,False,False,False,False,False,False,True,False,True,False,False,False,False,False,False,False,False,False,False,"[None, None, None, None, None, None, None, None, None, None, None, None]","[None, None, None, None, None, None, None, None, None, None, None, None]",2067.0,ut00c88185-c110861b-985a3bce,mini1_prod2,2025.12.30.mr70836,SKY_SEARCH,12243,,0.0,1.0,0.0,43016.78125,90.18168640136719,320,0.3217938542366028,False,,5.094475269317627,382.3008728027344,0.0,0.0,True,True,True,13,,,
2026-01-21T05:12:12.934515Z,ut00c88185-c110861b-985a3bce,SKY_SEARCH,12244,0.0,43016.78125,1.0,90.18168640136719,,0.0,0.0,0.0,1.0,90.18168640136719,,,,13,mini1_prod2,2025.12.30.mr70836,False,False,False,False,False,False,False,True,False,True,False,False,False,False,False,False,False,False,False,False,"[None, None, None, None, None, None, None, None, None, None, None, None]","[None, None, None, None, None, None, None, None, None, None, None, None]",2067.0,ut00c88185-c110861b-985a3bce,mini1_prod2,2025.12.30.mr70836,SKY_SEARCH,12244,,0.0,1.0,0.0,43016.78125,90.18168640136719,320,0.3217938542366028,False,,5.094475269317627,382.3008728027344,0.0,0.0,True,True,True,13,,,
2026-01-21T05:12:13.594309Z,ut00c88185-c110861b-985a3bce,SKY_SEARCH,12244,0.0,50600.08203125,1.0,90.18168640136719,,0.0,0.0,0.0,1.0,90.18168640136719,,,,14,mini1_prod2,2025.12.30.mr70836,False,False,False,False,False,False,False,True,False,True,False,False,False,False,False,False,False,False,False,False,"[None, None, None, None, None, None, None, None, None, None, None, None]","[None, None, None, None, None, None, None, None, None, None, None, None]",2067.0,ut00c88185-c110861b-985a3bce,mini1_prod2,2025.12.30.mr70836,SKY_SEARCH,12244,,0.0,1.0,0.0,50600.08203125,90.18168640136719,320,0.3217938542366028,False,,5.094475269317627,382.3008728027344,0.0,0.0,True,True,True,14,,,
2026-01-21T05:12:14.214932Z,ut00c88185-c110861b-985a3bce,SKY_SEARCH,12245,0.0,31130.125,1.0,90.18168640136719,,0.0,0.0,0.0,1.0,90.18168640136719,,,,13,mini1_prod2,2025.12.30.mr70836,False,False,False,False,False,False,False,True,False,True,False,False,False,False,False,False,False,False,False,False,"[None, None, None, None, None, None, None, None, None, None, None, None]","[None, None, None, None, None, None, None, None, None, None, None, None]",2067.0,ut00c88185-c110861b-985a3bce,mini1_prod2,2025.12.30.mr70836,SKY_SEARCH,12245,,0.0,1.0,0.0,31130.125,90.18168640136719,320,0.3217938542366028,False,,5.094475269317627,382.3008728027344,0.0,0.0,True,True,True,13,,,
2026-01-21T05:12:14.835302Z,ut00c88185-c110861b-985a3bce,SKY_SEARCH,12246,0.0,31130.125,1.0,92.26399993896484,,0.0,0.0,0.0,1.0,92.26399993896484,,,,13,mini1_prod2,2025.12.30.mr70836,False,False,False,False,False,False,False,True,False,True,False,False,False,False,False,False,False,False,False,False,"[None, None, None, None, None, None, None, None, None, None, None, None]","[None, None, None, None, None, None, None, None, None, None, None, None]",2067.0,ut00c88185-c110861b-985a3bce,mini1_prod2,2025.12.30.mr70836,SKY_SEARCH,12246,,0.0,1.0,0.0,31130.125,92.26399993896484,320,0.3217938542366028,False,,5.094475269317627,382.3008728027344,0.0,0.0,True,True,True,13,,,
2026-01-21T05:12:15.494182Z,ut00c88185-c110861b-985a3bce,CONNECTED,12246,153092.09375,62436.41015625,1.0,93.56243896484375,,0.0,0.0,0.0,1.0,93.56243896484375,,,,12,mini1_prod2,2025.12.30.mr70836,False,False,False,False,False,False,False,True,False,True,False,False,False,False,False,False,False,False,False,False,"[None, None, None, None, None, None, None, None, None, None, None, None]","[None, None, None, None, None, None, None, None, None, None, None, None]",2067.0,ut00c88185-c110861b-985a3bce,mini1_prod2,2025.12.30.mr70836,CONNECTED,12246,,0.0,1.0,153092.09375,62436.41015625,93.56243896484375,320,0.3217938542366028,False,,5.094475269317627,382.3008728027344,0.0,0.0,True,True,True,12,,,
2026-01-21T05:12:16.114785Z,ut00c88185-c110861b-985a3bce,CONNECTED,12247,153092.09375,62436.41015625,1.0,92.96585845947266,,0.0,0.0,0.0,1.0,92.96585845947266,,,,12,mini1_prod2,2025.12.30.mr70836,False,False,False,False,False,False,False,True,False,True,False,False,False,False,False,False,False,False,False,False,"[None, None, None, None, None, None, None, None, None, None, None, None]","[None, None, None, None, None, None, None, None, None, None, None, None]",2067.0,ut00c88185-c110861b-985a3bce,mini1_prod2,2025.12.30.mr70836,CONNECTED,12247,,0.0,1.0,153092.09375,62436.41015625,92.96585845947266,320,0.3217938542366028,False,,5.094475269317627,382.3008728027344,0.0,0.0,True,True,True,12,,,
2026-01-21T05:12:16.734495Z,ut00c88185-c110861b-985a3bce,CONNECTED,12248,94422.171875,68140.6640625,0.8500000238418579,92.94657135009766,,0.0,0.0,0.0,0.8500000238418579,92.94657135009766,,,,14,mini1_prod2,2025.12.30.mr70836,False,False,False,False,False,False,False,True,False,True,False,False,False,False,False,False,False,False,False,False,"[None, None, None, None, None, None, None, None, None, None, None, None]","[None, None, None, None, None, None, None, None, None, None, None, None]",2067.0,ut00c88185-c110861b-985a3bce,mini1_prod2,2025.12.30.mr70836,CONNECTED,12248,,0.0,0.8500000238418579,94422.171875,68140.6640625,92.94657135009766,320,0.3217938542366028,False,,5.094475269317627,382.3008728027344,0.0,0.0,True,True,True,14,,,
2026-01-21T05:12:17.394312Z,ut00c88185-c110861b-985a3bce,CONNECTED,12248,886248.0625,482126.84375,0.550000011920929,92.30142974853516,,0.0,0.0,0.0,0.550000011920929,92.30142974853516,,,,14,mini1_prod2,2025.12.30.mr70836,False,False,False,False,False,False,False,True,False,True,False,False,False,False,False,False,False,False,False,False,"[None, None, None, None, None, None, None, None, None, None, None, None]","[None, None, None, None, None, None, None, None, None, None, None, None]",2067.0,ut00c88185-c110861b-985a3bce,mini1_prod2,2025.12.30.mr70836,CONNECTED,12248,,0.0,0.550000011920929,886248.0625,482126.84375,92.30142974853516,320,0.3217938542366028,False,,5.094475269317627,382.3008728027344,0.0,0.0,True,True,True,14,,,
2026-01-21T05:12:18.034782Z,ut00c88185-c110861b-985a3bce,CONNECTED,12249,886248.0625,482126.84375,0.25,92.09117126464844,,0.0,0.0,0.0,0.25,92.09117126464844,,,,14,mini1_prod2,2025.12.30.mr70836,False,False,False,False,False,False,False,True,False,True,False,False,False,False,False,False,False,False,False,False,"[None, None, None, None, None, None, None, None, None, None, None, None]","[None, None, None, None, None, None, None, None, None, None, None, None]",2067.0,ut00c88185-c110861b-985a3bce,mini1_prod2,2025.12.30.mr70836,CONNECTED,12249,,0.0,0.25,886248.0625,482126.84375,92.09117126464844,320,0.3217938542366028,False,,5.094475269317627,382.3008728027344,0.0,0.0,True,True,True,14,,,
2026-01-21T05:12:18.695171Z,ut00c88185-c110861b-985a3bce,CONNECTED,12249,353336.5625,150424.515625,0.0,92.0154800415039,,0.0,0.0,0.0,0.0,92.0154800415039,,,,15,mini1_prod2,2025.12.30.mr70836,False,False,False,False,False,False,False,True,False,True,False,False,False,False,False,False,False,False,False,False,"[None, None, None, None, None, None, None, None, None, None, None, None]","[None, None, None, None, None, None, None, None, None, None, None, None]",2067.0,ut00c88185-c110861b-985a3bce,mini1_prod2,2025.12.30.mr70836,CONNECTED,12249,,0.0,0.0,353336.5625,150424.515625,92.0154800415039,320,0.3217938542366028,False,,5.094475269317627,382.3008728027344,0.0,0.0,True,True,True,15,,,
2026-01-21T05:12:19.314439Z,ut00c88185-c110861b-985a3bce,CONNECTED,12250,33470.546875,43629.1484375,0.0,91.81895446777344,,0.0,0.0,0.0,0.0,91.81895446777344,,,,14,mini1_prod2,2025.12.30.mr70836,False,False,False,False,False,False,False,True,False,True,False,False,False,False,False,False,False,False,False,False,"[None, None, None, None, None, None, None, None, None, None, None, None]","[None, None, None, None, None, None, None, None, None, None, None, None]",2067.0,ut00c88185-c110861b-985a3bce,mini1_prod2,2025.12.30.mr70836,CONNECTED,12250,,0.0,0.0,33470.546875,43629.1484375,91.81895446777344,320,0.3217938542366028,False,,5.094475269317627,382.3008728027344,0.0,0.0,True,True,True,14,,,
2026-01-21T05:12:19.934181Z,ut00c88185-c110861b-985a3bce,CONNECTED,12251,33470.546875,43629.1484375,0.0,91.71373748779297,,0.0,0.0,0.0,0.0,91.71373748779297,,,,14,mini1_prod2,2025.12.30.mr70836,False,False,False,False,False,False,False,True,False,True,False,False,False,False,False,False,False,False,False,False,"[None, None, None, None, None, None, None, None, None, None, None, None]","[None, None, None, None, None, None, None, None, None, None, None, None]",2067.0,ut00c88185-c110861b-985a3bce,mini1_prod2,2025.12.30.mr70836,CONNECTED,12251,,0.0,0.0,33470.546875,43629.1484375,91.71373748779297,320,0.3217938542366028,False,,5.094475269317627,382.3008728027344,0.0,0.0,True,True,True,14,,,
2026-01-21T05:12:20.594315Z,ut00c88185-c110861b-985a3bce,CONNECTED,12251,81059.1171875,50465.8671875,0.0,91.72557830810547,,0.0,0.0,0.0,0.0,91.72557830810547,,,,15,mini1_prod2,2025.12.30.mr70836,False,False,False,False,False,False,False,True,False,True,False,False,False,False,False,False,False,False,False,False,"[None, None, None, None, None, None, None, None, None, None, None, None]","[None, None, None, None, None, None, None, None, None, None, None, None]",2067.0,ut00c88185-c110861b-985a3bce,mini1_prod2,2025.12.30.mr70836,CONNECTED,12251,,0.0,0.0,81059.1171875,50465.8671875,91.72557830810547,320,0.3217938542366028,False,,5.094475269317627,382.3008728027344,0.0,0.0,True,True,True,15,,,
2026-01-21T05:12:21.215450Z,ut00c88185-c110861b-985a3bce,CONNECTED,12252,8120.17236328125,36851.15625,0.0,91.660400390625,,0.0,0.0,0.0,0.0,91.660400390625,,,,15,mini1_prod2,2025.12.30.mr70836,False,False,False,False,False,False,False,True,False,True,False,False,False,False,False,False,False,False,False,False,"[None, None, None, None, None, None, None, None, None, None, None, None]","[None, None, None, None, None, None, None, None, None, None, None, None]",2067.0,ut00c88185-c110861b-985a3bce,mini1_prod2,2025.12.30.mr70836,CONNECTED,12252,,0.0,0.0,8120.17236328125,36851.15625,91.660400390625,320,0.3217938542366028,False,,5.094475269317627,382.3008728027344,0.0,0.0,True,True,True,15,,,
2026-01-21T05:12:21.833995Z,ut00c88185-c110861b-985a3bce,CONNECTED,12253,8120.17236328125,36851.15625,0.0,91.72801208496094,,0.0,0.0,0.0,0.0,91.72801208496094,,,,15,mini1_prod2,2025.12.30.mr70836,False,False,False,False,False,False,False,True,False,True,False,False,False,False,False,False,False,False,False,False,"[None, None, None, None, None, None, None, None, None, None, None, None]","[None, None, None, None, None, None, None, None, None, None, None, None]",2067.0,ut00c88185-c110861b-985a3bce,mini1_prod2,2025.12.30.mr70836,CONNECTED,12253,,0.0,0.0,8120.17236328125,36851.15625,91.72801208496094,320,0.3217938542366028,False,,5.094475269317627,382.3008728027344,0.0,0.0,True,True,True,15,,,
2026-01-21T05:12:22.494298Z,ut00c88185-c110861b-985a3bce,CONNECTED,12253,14973.6650390625,52344.9140625,0.0,91.55679321289062,,0.0,0.0,0.0,0.0,91.55679321289062,,,,15,mini1_prod2,2025.12.30.mr70836,False,False,False,False,False,False,False,True,False,True,False,False,False,False,False,False,False,False,False,False,"[None, None, None, None, None, None, None, None, None, None, None, None]","[None, None, None, None, None, None, None, None, None, None, None, None]",2067.0,ut00c88185-c110861b-985a3bce,mini1_prod2,2025.12.30.mr70836,CONNECTED,12253,,0.0,0.0,14973.6650390625,52344.9140625,91.55679321289062,320,0.3217938542366028,False,,5.094475269317627,382.3008728027344,0.0,0.0,True,True,True,15,,,
2026-01-21T05:12:23.114211Z,ut00c88185-c110861b-985a3bce,CONNECTED,12254,14973.6650390625,52344.9140625,0.0,91.60985565185547,,0.0,0.0,0.0,0.0,91.60985565185547,,,,15,mini1_prod2,2025.12.30.mr70836,False,False,False,False,False,False,False,True,False,True,False,False,False,False,False,False,False,False,False,False,"[None, None, None, None, None, None, None, None, None, None, None, None]","[None, None, None, None, None, None, None, None, None, None, None, None]",2067.0,ut00c88185-c110861b-985a3bce,mini1_prod2,2025.12.30.mr70836,CONNECTED,12254,,0.0,0.0,14973.6650390625,52344.9140625,91.60985565185547,320,0.3217938542366028,False,,5.094475269317627,382.3008728027344,0.0,0.0,True,True,True,15,,,
2026-01-21T05:12:23.735189Z,ut00c88185-c110861b-985a3bce,CONNECTED,12255,11895.0458984375,41112.56640625,0.0,91.65338134765625,,0.0,0.0,0.0,0.0,91.65338134765625,,,,15,mini1_prod2,2025.12.30.mr70836,False,False,False,False,False,False,False,True,False,True,False,False,False,False,False,False,False,False,False,False,"[None, None, None, None, None, None, None, None, None, None, None, None]","[None, None, None, None, None, None, None, None, None, None, None, None]",2067.0,ut00c88185-c110861b-985a3bce,mini1_prod2,2025.12.30.mr70836,CONNECTED,12255,,0.0,0.0,11895.0458984375,41112.56640625,91.65338134765625,320,0.3217938542366028,False,,5.094475269317627,382.3008728027344,0.0,0.0,True,True,True,15,,,
2026-01-21T05:12:24.434339Z,ut00c88185-c110861b-985a3bce,CONNECTED,12255,60121.15234375,69340.234375,0.0,91.51927947998047,,0.0,0.0,0.0,0.0,91.51927947998047,,,,15,mini1_prod2,2025.12.30.mr70836,False,False,False,False,False,False,False,True,False,True,False,False,False,False,False,False,False,False,False,False,"[None, None, None, None, None, None, None, None, None, None, None, None]","[None, None, None, None, None, None, None, None, None, None, None, None]",2067.0,ut00c88185-c110861b-985a3bce,mini1_prod2,2025.12.30.mr70836,CONNECTED,12255,,0.0,0.0,60121.15234375,69340.234375,91.51927947998047,320,0.3217938542366028,False,,5.094475269317627,382.3008728027344,0.0,0.0,True,True,True,15,,,
2026-01-21T05:12:25.135030Z,ut00c88185-c110861b-985a3bce,CONNECTED,12256,60121.15234375,69340.234375,0.0,91.52828216552734,,0.0,0.0,0.0,0.0,91.52828216552734,,,,15,mini1_prod2,2025.12.30.mr70836,False,False,False,False,False,False,False,True,False,True,False,False,False,False,False,False,False,False,False,False,"[None, None, None, None, None, None, None, None, None, None, None, None]","[None, None, None, None, None, None, None, None, None, None, None, None]",2067.0,ut00c88185-c110861b-985a3bce,mini1_prod2,2025.12.30.mr70836,CONNECTED,12256,,0.0,0.0,60121.15234375,69340.234375,91.52828216552734,320,0.3217938542366028,False,,5.094475269317627,382.3008728027344,0.0,0.0,True,True,True,15,,,
2026-01-21T05:12:25.794071Z,ut00c88185-c110861b-985a3bce,CONNECTED,12257,19545.45703125,60641.24609375,0.0,91.5464096069336,,0.0,0.0,0.0,0.0,91.5464096069336,,,,15,mini1_prod2,2025.12.30.mr70836,False,False,False,False,False,False,False,True,False,True,False,False,False,False,False,False,False,False,False,False,"[None, None, None, None, None, None, None, None, None, None, None, None]","[None, None, None, None, None, None, None, None, None, None, None, None]",2067.0,ut00c88185-c110861b-985a3bce,mini1_prod2,2025.12.30.mr70836,CONNECTED,12257,,0.0,0.0,19545.45703125,60641.24609375,91.5464096069336,320,0.3217938542366028,False,,5.094475269317627,382.3008728027344,0.0,0.0,True,True,True,15,,,
2026-01-21T05:12:26.415004Z,ut00c88185-c110861b-985a3bce,CONNECTED,12257,64424.5078125,98943.6328125,0.0,91.38470458984375,,0.0,0.0,0.0,0.0,91.38470458984375,,,,16,mini1_prod2,2025.12.30.mr70836,False,False,False,False,False,False,False,True,False,True,False,False,False,False,False,False,False,False,False,False,"[None, None, None, None, None, None, None, None, None, None, None, None]","[None, None, None, None, None, None, None, None, None, None, None, None]",2067.0,ut00c88185-c110861b-985a3bce,mini1_prod2,2025.12.30.mr70836,CONNECTED,12257,,0.0,0.0,64424.5078125,98943.6328125,91.38470458984375,320,0.3217938542366028,False,,5.094475269317627,382.3008728027344,0.0,0.0,True,True,True,16,,,
2026-01-21T05:12:27.033958Z,ut00c88185-c110861b-985a3bce,CONNECTED,12258,64424.5078125,98943.6328125,0.0,91.42564392089844,,0.0,0.0,0.0,0.0,91.42564392089844,,,,16,mini1_prod2,2025.12.30.mr70836,False,False,False,False,False,False,False,True,False,True,False,False,False,False,False,False,False,False,False,False,"[None, None, None, None, None, None, None, None, None, None, None, None]","[None, None, None, None, None, None, None, None, None, None, None, None]",2067.0,ut00c88185-c110861b-985a3bce,mini1_prod2,2025.12.30.mr70836,CONNECTED,12258,,0.0,0.0,64424.5078125,98943.6328125,91.42564392089844,320,0.3217938542366028,False,,5.094475269317627,382.3008728027344,0.0,0.0,True,True,True,16,,,
2026-01-21T05:12:27.818388Z,ut00c88185-c110861b-985a3bce,CONNECTED,12259,9202.302734375,38478.54296875,0.0,91.42564392089844,,0.0,0.0,0.0,0.0,91.42564392089844,,,,16,mini1_prod2,2025.12.30.mr70836,False,False,False,False,False,False,False,True,False,True,False,False,False,False,False,False,False,False,False,False,"[None, None, None, None, None, None, None, None, None, None, None, None]","[None, None, None, None, None, None, None, None, None, None, None, None]",2067.0,ut00c88185-c110861b-985a3bce,mini1_prod2,2025.12.30.mr70836,CONNECTED,12259,,0.0,0.0,9202.302734375,38478.54296875,91.42564392089844,320,0.3217938542366028,False,,5.094475269317627,382.3008728027344,0.0,0.0,True,True,True,16,,,
2026-01-21T05:12:28.434883Z,ut00c88185-c110861b-985a3bce,NO_DOWNLINK,12259,0.0,54475.62109375,0.0,91.42564392089844,,0.0,0.0,0.0,0.0,91.42564392089844,,,,17,mini1_prod2,2025.12.30.mr70836,False,False,False,False,False,False,False,True,False,True,False,False,False,False,False,False,False,False,False,False,"[None, None, None, None, None, None, None, None, None, None, None, None]","[None, None, None, None, None, None, None, None, None, None, None, None]",2067.0,ut00c88185-c110861b-985a3bce,mini1_prod2,2025.12.30.mr70836,NO_DOWNLINK,12259,,0.0,0.0,0.0,54475.62109375,91.42564392089844,320,0.3217938542366028,False,,5.094475269317627,382.3008728027344,0.0,0.0,True,True,True,17,,,
2026-01-21T05:12:29.114625Z,ut00c88185-c110861b-985a3bce,NO_DOWNLINK,12260,0.0,54475.62109375,0.05000000074505806,91.42564392089844,,0.0,0.0,0.0,0.05000000074505806,91.42564392089844,,,,17,mini1_prod2,2025.12.30.mr70836,False,False,False,False,False,False,False,True,False,True,False,False,False,False,False,False,False,False,False,False,"[None, None, None, None, None, None, None, None, None, None, None, None]","[None, None, None, None, None, None, None, None, None, None, None, None]",2067.0,ut00c88185-c110861b-985a3bce,mini1_prod2,2025.12.30.mr70836,NO_DOWNLINK,12260,,0.0,0.05000000074505806,0.0,54475.62109375,91.42564392089844,320,0.3217938542366028,False,,5.094475269317627,382.3008728027344,0.0,0.0,True,True,True,17,,,
2026-01-21T05:12:29.734062Z,ut00c88185-c110861b-985a3bce,NO_DOWNLINK,12261,0.0,33579.59765625,0.4000000059604645,91.42564392089844,,0.0,0.0,0.0,0.4000000059604645,91.42564392089844,,,,15,mini1_prod2,2025.12.30.mr70836,False,False,False,False,False,False,False,True,False,True,False,False,False,False,False,False,False,False,False,False,"[None, None, None, None, None, None, None, None, None, None, None, None]","[None, None, None, None, None, None, None, None, None, None, None, None]",2067.0,ut00c88185-c110861b-985a3bce,mini1_prod2,2025.12.30.mr70836,NO_DOWNLINK,12261,,0.0,0.4000000059604645,0.0,33579.59765625,91.42564392089844,320,0.3217938542366028,False,,5.094475269317627,382.3008728027344,0.0,0.0,True,True,True,15,,,
2026-01-21T05:12:30.394057Z,ut00c88185-c110861b-985a3bce,NO_DOWNLINK,12261,0.0,49341.79296875,0.699999988079071,91.42564392089844,,0.0,0.0,0.0,0.699999988079071,91.42564392089844,,,,16,mini1_prod2,2025.12.30.mr70836,False,False,False,False,False,False,False,True,False,True,False,False,False,False,False,False,False,False,False,False,"[None, None, None, None, None, None, None, None, None, None, None, None]","[None, None, None, None, None, None, None, None, None, None, None, None]",2067.0,ut00c88185-c110861b-985a3bce,mini1_prod2,2025.12.30.mr70836,NO_DOWNLINK,12261,,0.0,0.699999988079071,0.0,49341.79296875,91.42564392089844,320,0.3217938542366028,False,,5.094475269317627,382.3008728027344,0.0,0.0,True,True,True,16,,,
2026-01-21T05:12:31.035846Z,ut00c88185-c110861b-985a3bce,NO_DOWNLINK,12262,0.0,49341.79296875,1.0,91.42564392089844,,0.0,0.0,0.0,1.0,91.42564392089844,,,,16,mini1_prod2,2025.12.30.mr70836,False,False,False,False,False,False,False,True,False,True,False,False,False,False,False,False,False,False,False,False,"[None, None, None, None, None, None, None, None, None, None, None, None]","[None, None, None, None, None, None, None, None, None, None, None, None]",2067.0,ut00c88185-c110861b-985a3bce,mini1_prod2,2025.12.30.mr70836,NO_DOWNLINK,12262,,0.0,1.0,0.0,49341.79296875,91.42564392089844,320,0.3217938542366028,False,,5.094475269317627,382.3008728027344,0.0,0.0,True,True,True,16,,,
2026-01-21T05:12:31.693709Z,ut00c88185-c110861b-985a3bce,NO_DOWNLINK,12262,0.0,49333.40234375,1.0,91.42564392089844,,0.0,0.0,0.0,1.0,91.42564392089844,,,,16,mini1_prod2,2025.12.30.mr70836,False,False,False,False,False,False,False,True,False,True,False,False,False,False,False,False,False,False,False,False,"[None, None, None, None, None, None, None, None, None, None, None, None]","[None, None, None, None, None, None, None, None, None, None, None, None]",2067.0,ut00c88185-c110861b-985a3bce,mini1_prod2,2025.12.30.mr70836,NO_DOWNLINK,12262,,0.0,1.0,0.0,49333.40234375,91.42564392089844,320,0.3217938542366028,False,,5.094475269317627,382.3008728027344,0.0,0.0,True,True,True,16,,,
2026-01-21T05:12:32.314510Z,ut00c88185-c110861b-985a3bce,NO_DOWNLINK,12263,0.0,58460.2109375,1.0,91.42564392089844,,0.0,0.0,0.0,1.0,91.42564392089844,,,,15,mini1_prod2,2025.12.30.mr70836,False,False,False,False,False,False,False,True,False,True,False,False,False,False,False,False,False,False,False,False,"[None, None, None, None, None, None, None, None, None, None, None, None]","[None, None, None, None, None, None, None, None, None, None, None, None]",2067.0,ut00c88185-c110861b-985a3bce,mini1_prod2,2025.12.30.mr70836,NO_DOWNLINK,12263,,0.0,1.0,0.0,58460.2109375,91.42564392089844,320,0.3217938542366028,False,,5.094475269317627,382.3008728027344,0.0,0.0,True,True,True,15,,,
2026-01-21T05:12:32.934967Z,ut00c88185-c110861b-985a3bce,NO_DOWNLINK,12264,0.0,58460.2109375,1.0,91.42564392089844,,0.0,0.0,0.0,1.0,91.42564392089844,,,,15,mini1_prod2,2025.12.30.mr70836,False,False,False,False,False,False,False,True,False,True,False,False,False,False,False,False,False,False,False,False,"[None, None, None, None, None, None, None, None, None, None, None, None]","[None, None, None, None, None, None, None, None, None, None, None, None]",2067.0,ut00c88185-c110861b-985a3bce,mini1_prod2,2025.12.30.mr70836,NO_DOWNLINK,12264,,0.0,1.0,0.0,58460.2109375,91.42564392089844,320,0.3217938542366028,False,,5.094475269317627,382.3008728027344,0.0,0.0,True,True,True,15,,,
2026-01-21T05:12:33.594208Z,ut00c88185-c110861b-985a3bce,NO_DOWNLINK,12264,0.0,61396.22265625,1.0,91.42564392089844,,0.0,0.0,0.0,1.0,91.42564392089844,,,,15,mini1_prod2,2025.12.30.mr70836,False,False,False,False,False,False,False,True,False,True,False,False,False,False,False,False,False,False,False,False,"[None, None, None, None, None, None, None, None, None, None, None, None]","[None, None, None, None, None, None, None, None, None, None, None, None]",2067.0,ut00c88185-c110861b-985a3bce,mini1_prod2,2025.12.30.mr70836,NO_DOWNLINK,12264,,0.0,1.0,0.0,61396.22265625,91.42564392089844,320,0.3217938542366028,False,,5.094475269317627,382.3008728027344,0.0,0.0,True,True,True,15,,,
2026-01-21T05:12:34.214834Z,ut00c88185-c110861b-985a3bce,NO_DOWNLINK,12265,0.0,40944.796875,1.0,91.42564392089844,,0.0,0.0,0.0,1.0,91.42564392089844,,,,15,mini1_prod2,2025.12.30.mr70836,False,False,False,False,False,False,False,True,False,True,False,False,False,False,False,False,False,False,False,False,"[None, None, None, None, None, None, None, None, None, None, None, None]","[None, None, None, None, None, None, None, None, None, None, None, None]",2067.0,ut00c88185-c110861b-985a3bce,mini1_prod2,2025.12.30.mr70836,NO_DOWNLINK,12265,,0.0,1.0,0.0,40944.796875,91.42564392089844,320,0.3217938542366028,False,,5.094475269317627,382.3008728027344,0.0,0.0,True,True,True,15,,,
2026-01-21T05:12:34.833915Z,ut00c88185-c110861b-985a3bce,NO_DOWNLINK,12266,0.0,40944.796875,1.0,91.42564392089844,,0.0,0.0,0.0,1.0,91.42564392089844,,,,15,mini1_prod2,2025.12.30.mr70836,False,False,False,False,False,False,False,True,False,True,False,False,False,False,False,False,False,False,False,False,"[None, None, None, None, None, None, None, None, None, None, None, None]","[None, None, None, None, None, None, None, None, None, None, None, None]",2067.0,ut00c88185-c110861b-985a3bce,mini1_prod2,2025.12.30.mr70836,NO_DOWNLINK,12266,,0.0,1.0,0.0,40944.796875,91.42564392089844,320,0.3217938542366028,False,,5.094475269317627,382.3008728027344,0.0,0.0,True,True,True,15,,,
2026-01-21T05:12:35.494166Z,ut00c88185-c110861b-985a3bce,NO_DOWNLINK,12266,0.0,75061.265625,1.0,91.42564392089844,,0.0,0.0,0.0,1.0,91.42564392089844,,,,15,mini1_prod2,2025.12.30.mr70836,False,False,False,False,False,False,False,True,False,True,False,False,False,False,False,False,False,False,False,False,"[None, None, None, None, None, None, None, None, None, None, None, None]","[None, None, None, None, None, None, None, None, None, None, None, None]",2067.0,ut00c88185-c110861b-985a3bce,mini1_prod2,2025.12.30.mr70836,NO_DOWNLINK,12266,,0.0,1.0,0.0,75061.265625,91.42564392089844,320,0.3217938542366028,False,,5.094475269317627,382.3008728027344,0.0,0.0,True,True,True,15,,,
2026-01-21T05:12:36.116349Z,ut00c88185-c110861b-985a3bce,NO_DOWNLINK,12267,0.0,75061.265625,1.0,91.42564392089844,,0.0,0.0,0.0,1.0,91.42564392089844,,,,15,mini1_prod2,2025.12.30.mr70836,False,False,False,False,False,False,False,True,False,True,False,False,False,False,False,False,False,False,False,False,"[None, None, None, None, None, None, None, None, None, None, None, None]","[None, None, None, None, None, None, None, None, None, None, None, None]",2067.0,ut00c88185-c110861b-985a3bce,mini1_prod2,2025.12.30.mr70836,NO_DOWNLINK,12267,,0.0,1.0,0.0,75061.265625,91.42564392089844,320,0.3217938542366028,False,,5.094475269317627,382.3008728027344,0.0,0.0,True,True,True,15,,,
2026-01-21T05:12:36.734049Z,ut00c88185-c110861b-985a3bce,NO_DOWNLINK,12268,0.0,50541.36328125,1.0,91.42564392089844,,0.0,0.0,0.0,1.0,91.42564392089844,,,,16,mini1_prod2,2025.12.30.mr70836,False,False,False,False,False,False,False,True,False,True,False,False,False,False,False,False,False,False,False,False,"[None, None, None, None, None, None, None, None, None, None, None, None]","[None, None, None, None, None, None, None, None, None, None, None, None]",2067.0,ut00c88185-c110861b-985a3bce,mini1_prod2,2025.12.30.mr70836,NO_DOWNLINK,12268,,0.0,1.0,0.0,50541.36328125,91.42564392089844,320,0.3217938542366028,False,,5.094475269317627,382.3008728027344,0.0,0.0,True,True,True,16,,,
2026-01-21T05:12:37.394773Z,ut00c88185-c110861b-985a3bce,NO_DOWNLINK,12268,0.0,67645.734375,1.0,91.42564392089844,,0.0,0.0,0.0,1.0,91.42564392089844,,,,16,mini1_prod2,2025.12.30.mr70836,False,False,False,False,False,False,False,True,False,True,False,False,False,False,False,False,False,False,False,False,"[None, None, None, None, None, None, None, None, None, None, None, None]","[None, None, None, None, None, None, None, None, None, None, None, None]",2067.0,ut00c88185-c110861b-985a3bce,mini1_prod2,2025.12.30.mr70836,NO_DOWNLINK,12268,,0.0,1.0,0.0,67645.734375,91.42564392089844,320,0.3217938542366028,False,,5.094475269317627,382.3008728027344,0.0,0.0,True,True,True,16,,,
2026-01-21T05:12:38.038448Z,ut00c88185-c110861b-985a3bce,NO_DOWNLINK,12269,0.0,67645.734375,1.0,91.42564392089844,,0.0,0.0,0.0,1.0,91.42564392089844,,,,16,mini1_prod2,2025.12.30.mr70836,False,False,False,False,False,False,False,True,False,True,False,False,False,False,False,False,False,False,False,False,"[None, None, None, None, None, None, None, None, None, None, None, None]","[None, None, None, None, None, None, None, None, None, None, None, None]",2067.0,ut00c88185-c110861b-985a3bce,mini1_prod2,2025.12.30.mr70836,NO_DOWNLINK,12269,,0.0,1.0,0.0,67645.734375,91.42564392089844,320,0.3217938542366028,False,,5.094475269317627,382.3008728027344,0.0,0.0,True,True,True,16,,,
2026-01-21T05:12:38.693958Z,ut00c88185-c110861b-985a3bce,NO_DOWNLINK,12269,0.0,64785.21875,1.0,91.42564392089844,,0.0,0.0,0.0,1.0,91.42564392089844,,,,16,mini1_prod2,2025.12.30.mr70836,False,False,False,False,False,False,False,True,False,True,False,False,False,False,False,False,False,False,False,False,"[None, None, None, None, None, None, None, None, None, None, None, None]","[None, None, None, None, None, None, None, None, None, None, None, None]",2067.0,ut00c88185-c110861b-985a3bce,mini1_prod2,2025.12.30.mr70836,NO_DOWNLINK,12269,,0.0,1.0,0.0,64785.21875,91.42564392089844,320,0.3217938542366028,False,,5.094475269317627,382.3008728027344,0.0,0.0,True,True,True,16,,,
2026-01-21T05:12:39.315340Z,ut00c88185-c110861b-985a3bce,NO_DOWNLINK,12270,0.0,62897.78125,1.0,91.42564392089844,,0.0,0.0,0.0,1.0,91.42564392089844,,,,16,mini1_prod2,2025.12.30.mr70836,False,False,False,False,False,False,False,True,False,True,False,False,False,False,False,False,False,False,False,False,"[None, None, None, None, None, None, None, None, None, None, None, None]","[None, None, None, None, None, None, None, None, None, None, None, None]",2067.0,ut00c88185-c110861b-985a3bce,mini1_prod2,2025.12.30.mr70836,NO_DOWNLINK,12270,,0.0,1.0,0.0,62897.78125,91.42564392089844,320,0.3217938542366028,False,,5.094475269317627,382.3008728027344,0.0,0.0,True,True,True,16,,,
2026-01-21T05:12:39.934313Z,ut00c88185-c110861b-985a3bce,NO_DOWNLINK,12271,0.0,62897.78125,1.0,91.42564392089844,,0.0,0.0,0.0,1.0,91.42564392089844,,,,16,mini1_prod2,2025.12.30.mr70836,False,False,False,False,False,False,False,True,False,True,False,False,False,False,False,False,False,False,False,False,"[None, None, None, None, None, None, None, None, None, None, None, None]","[None, None, None, None, None, None, None, None, None, None, None, None]",2067.0,ut00c88185-c110861b-985a3bce,mini1_prod2,2025.12.30.mr70836,NO_DOWNLINK,12271,,0.0,1.0,0.0,62897.78125,91.42564392089844,320,0.3217938542366028,False,,5.094475269317627,382.3008728027344,0.0,0.0,True,True,True,16,,,
2026-01-21T05:12:40.634573Z,ut00c88185-c110861b-985a3bce,NO_DOWNLINK,12271,0.0,75908.515625,1.0,91.42564392089844,,0.0,0.0,0.0,1.0,91.42564392089844,,,,15,mini1_prod2,2025.12.30.mr70836,False,False,False,False,False,False,False,True,False,True,False,False,False,False,False,False,False,False,False,False,"[None, None, None, None, None, None, None, None, None, None, None, None]","[None, None, None, None, None, None, None, None, None, None, None, None]",2067.0,ut00c88185-c110861b-985a3bce,mini1_prod2,2025.12.30.mr70836,NO_DOWNLINK,12271,,0.0,1.0,0.0,75908.515625,91.42564392089844,320,0.3217938542366028,False,,5.094475269317627,382.3008728027344,0.0,0.0,True,True,True,15,,,
2026-01-21T05:12:41.294268Z,ut00c88185-c110861b-985a3bce,NO_DOWNLINK,12272,0.0,66639.1015625,1.0,91.42564392089844,,0.0,0.0,0.0,1.0,91.42564392089844,,,,15,mini1_prod2,2025.12.30.mr70836,False,False,False,False,False,False,False,True,False,True,False,False,False,False,False,False,False,False,False,False,"[None, None, None, None, None, None, None, None, None, None, None, None]","[None, None, None, None, None, None, None, None, None, None, None, None]",2067.0,ut00c88185-c110861b-985a3bce,mini1_prod2,2025.12.30.mr70836,NO_DOWNLINK,12272,,0.0,1.0,0.0,66639.1015625,91.42564392089844,320,0.3217938542366028,False,,5.094475269317627,382.3008728027344,0.0,0.0,True,True,True,15,,,
2026-01-21T05:12:41.914395Z,ut00c88185-c110861b-985a3bce,NO_DOWNLINK,12273,0.0,66639.1015625,1.0,91.42564392089844,,0.0,0.0,0.0,1.0,91.42564392089844,,,,15,mini1_prod2,2025.12.30.mr70836,False,False,False,False,False,False,False,True,False,True,False,False,False,False,False,False,False,False,False,False,"[None, None, None, None, None, None, None, None, None, None, None, None]","[None, None, None, None, None, None, None, None, None, None, None, None]",2067.0,ut00c88185-c110861b-985a3bce,mini1_prod2,2025.12.30.mr70836,NO_DOWNLINK,12273,,0.0,1.0,0.0,66639.1015625,91.42564392089844,320,0.3217938542366028,False,,5.094475269317627,382.3008728027344,0.0,0.0,True,True,True,15,,,
2026-01-21T05:12:42.534480Z,ut00c88185-c110861b-985a3bce,NO_DOWNLINK,12273,0.0,66093.84375,1.0,91.42564392089844,,0.0,0.0,0.0,1.0,91.42564392089844,,,,16,mini1_prod2,2025.12.30.mr70836,False,False,False,False,False,False,False,True,False,True,False,False,False,False,False,False,False,False,False,False,"[None, None, None, None, None, None, None, None, None, None, None, None]","[None, None, None, None, None, None, None, None, None, None, None, None]",2067.0,ut00c88185-c110861b-985a3bce,mini1_prod2,2025.12.30.mr70836,NO_DOWNLINK,12273,,0.0,1.0,0.0,66093.84375,91.42564392089844,320,0.3217938542366028,False,,5.094475269317627,382.3008728027344,0.0,0.0,True,True,True,16,,,
