timestamp,terminal_id,state,uptime,downlink_throughput_bps,uplink_throughput_bps,ping_drop_rate,ping_latency_ms,snr,seconds_to_first_nonempty_slot,azimuth,elevation,pop_ping_drop_rate,pop_ping_latency_ms,latitude,longitude,altitude,gps_sats,hardware_version,software_version,alerts.alert_motors_stuck,alerts.alert_thermal_throttle,alerts.alert_thermal_shutdown,alerts.alert_mast_not_near_vertical,alerts.alert_unexpected_location,alerts.alert_slow_ethernet_speeds,alerts.alert_slow_ethernet_speeds_100,alerts.alert_roaming,alerts.alert_install_pending,alerts.alert_is_heating,alerts.alert_power_supply_thermal_throttle,alerts.alert_is_power_save_idle,alerts.alert_dbf_telem_stale,alerts.alert_low_motor_current,alerts.alert_lower_signal_than_predicted,alerts.alert_obstruction_map_reset,alerts.alert_dish_water_detected,alerts.alert_router_water_detected,alerts.alert_upsu_router_port_slow,alerts.alert_no_ethernet_link,obstruction.wedges_fraction_obstructed[],obstruction.raw_wedges_fraction_obstructed[],obstruction.valid_s,raw_status.id,raw_status.hardware_version,raw_status.software_version,raw_status.state,raw_status.uptime,raw_status.snr,raw_status.seconds_to_first_nonempty_slot,raw_status.pop_ping_drop_rate,raw_status.downlink_throughput_bps,raw_status.uplink_throughput_bps,raw_status.pop_ping_latency_ms,raw_status.alerts,raw_status.fraction_obstructed,raw_status.currently_obstructed,raw_status.seconds_obstructed,raw_status.obstruction_duration,raw_status.obstruction_interval,raw_status.direction_azimuth,raw_status.direction_elevation,raw_status.is_snr_above_noise_floor,raw_status.gps_ready,raw_status.gps_enabled,raw_status.gps_sats,raw_location.latitude,raw_location.longitude,raw_location.altitude
2026-01-23T07:16:15.563563Z,ut00c88185-c110861b-985a3bce,BOOTING,71,0.0,17624.46484375,1.0,-1.0,,-1.0,0.0,0.0,1.0,-1.0,,,,18,mini1_prod2,2026.01.09.mr71553,False,False,False,False,False,False,False,False,False,False,False,False,False,False,False,False,False,False,False,False,"[None, None, None, None, None, None, None, None, None, None, None, None]","[None, None, None, None, None, None, None, None, None, None, None, None]",0.0,ut00c88185-c110861b-985a3bce,mini1_prod2,2026.01.09.mr71553,BOOTING,71,,-1.0,1.0,0.0,17624.46484375,-1.0,0,0.00035398229374550283,False,,,,0.0,0.0,False,True,True,18,,,
2026-01-23T07:16:16.162075Z,ut00c88185-c110861b-985a3bce,BOOTING,71,0.0,44317.015625,1.0,-1.0,,-1.0,0.0,0.0,1.0,-1.0,,,,18,mini1_prod2,2026.01.09.mr71553,False,False,False,False,False,False,False,False,False,False,False,False,False,False,False,False,False,False,False,False,"[None, None, None, None, None, None, None, None, None, None, None, None]","[None, None, None, None, None, None, None, None, None, None, None, None]",0.0,ut00c88185-c110861b-985a3bce,mini1_prod2,2026.01.09.mr71553,BOOTING,71,,-1.0,1.0,0.0,44317.015625,-1.0,0,0.00035398229374550283,False,,,,0.0,0.0,False,True,True,18,,,
2026-01-23T07:16:16.761953Z,ut00c88185-c110861b-985a3bce,BOOTING,72,0.0,44317.015625,1.0,-1.0,,-1.0,0.0,0.0,1.0,-1.0,,,,19,mini1_prod2,2026.01.09.mr71553,False,False,False,False,False,False,False,False,False,False,False,False,False,False,False,False,False,False,False,False,"[None, None, None, None, None, None, None, None, None, None, None, None]","[None, None, None, None, None, None, None, None, None, None, None, None]",0.0,ut00c88185-c110861b-985a3bce,mini1_prod2,2026.01.09.mr71553,BOOTING,72,,-1.0,1.0,0.0,44317.015625,-1.0,0,0.00035398229374550283,False,,,,0.0,0.0,False,True,True,19,,,
2026-01-23T07:16:17.401922Z,ut00c88185-c110861b-985a3bce,BOOTING,72,0.0,50197.4296875,1.0,-1.0,,-1.0,0.0,0.0,1.0,-1.0,,,,19,mini1_prod2,2026.01.09.mr71553,False,False,False,False,False,False,False,False,False,False,False,False,False,False,False,False,False,False,False,False,"[None, None, None, None, None, None, None, None, None, None, None, None]","[None, None, None, None, None, None, None, None, None, None, None, None]",0.0,ut00c88185-c110861b-985a3bce,mini1_prod2,2026.01.09.mr71553,BOOTING,72,,-1.0,1.0,0.0,50197.4296875,-1.0,0,0.00035398229374550283,False,,,,0.0,0.0,False,True,True,19,,,
2026-01-23T07:16:18.062318Z,ut00c88185-c110861b-985a3bce,BOOTING,73,0.0,50197.4296875,1.0,-1.0,,-1.0,0.0,0.0,1.0,-1.0,,,,19,mini1_prod2,2026.01.09.mr71553,False,False,False,False,False,False,False,False,False,False,False,False,False,False,False,False,False,False,False,False,"[None, None, None, None, None, None, None, None, None, None, None, None]","[None, None, None, None, None, None, None, None, None, None, None, None]",0.0,ut00c88185-c110861b-985a3bce,mini1_prod2,2026.01.09.mr71553,BOOTING,73,,-1.0,1.0,0.0,50197.4296875,-1.0,0,0.00035398229374550283,False,,,,0.0,0.0,False,True,True,19,,,
2026-01-23T07:16:18.662097Z,ut00c88185-c110861b-985a3bce,BOOTING,74,0.0,49568.28515625,1.0,-1.0,,-1.0,0.0,0.0,1.0,-1.0,,,,18,mini1_prod2,2026.01.09.mr71553,False,False,False,False,False,False,False,False,False,False,False,False,False,False,False,False,False,False,False,False,"[None, None, None, None, None, None, None, None, None, None, None, None]","[None, None, None, None, None, None, None, None, None, None, None, None]",0.0,ut00c88185-c110861b-985a3bce,mini1_prod2,2026.01.09.mr71553,BOOTING,74,,-1.0,1.0,0.0,49568.28515625,-1.0,0,0.00035398229374550283,False,,,,0.0,0.0,False,True,True,18,,,
2026-01-23T07:16:19.261956Z,ut00c88185-c110861b-985a3bce,BOOTING,74,0.0,44056.96875,1.0,-1.0,,-1.0,0.0,0.0,1.0,-1.0,,,,18,mini1_prod2,2026.01.09.mr71553,False,False,False,False,False,False,False,False,False,False,False,False,False,False,False,False,False,False,False,False,"[None, None, None, None, None, None, None, None, None, None, None, None]","[None, None, None, None, None, None, None, None, None, None, None, None]",0.0,ut00c88185-c110861b-985a3bce,mini1_prod2,2026.01.09.mr71553,BOOTING,74,,-1.0,1.0,0.0,44056.96875,-1.0,0,0.00035398229374550283,False,,,,0.0,0.0,False,True,True,18,,,
2026-01-23T07:16:19.862329Z,ut00c88185-c110861b-985a3bce,BOOTING,75,0.0,44056.96875,1.0,-1.0,,-1.0,0.0,0.0,1.0,-1.0,,,,18,mini1_prod2,2026.01.09.mr71553,False,False,False,False,False,False,False,False,False,False,False,False,False,False,False,False,False,False,False,False,"[None, None, None, None, None, None, None, None, None, None, None, None]","[None, None, None, None, None, None, None, None, None, None, None, None]",0.0,ut00c88185-c110861b-985a3bce,mini1_prod2,2026.01.09.mr71553,BOOTING,75,,-1.0,1.0,0.0,44056.96875,-1.0,0,0.00035398229374550283,False,,,,0.0,0.0,False,True,True,18,,,
2026-01-23T07:16:20.461844Z,ut00c88185-c110861b-985a3bce,BOOTING,75,0.0,57856.23046875,1.0,-1.0,,-1.0,0.0,0.0,1.0,-1.0,,,,19,mini1_prod2,2026.01.09.mr71553,False,False,False,False,False,False,False,False,False,False,False,False,False,False,False,False,False,False,False,False,"[None, None, None, None, None, None, None, None, None, None, None, None]","[None, None, None, None, None, None, None, None, None, None, None, None]",0.0,ut00c88185-c110861b-985a3bce,mini1_prod2,2026.01.09.mr71553,BOOTING,75,,-1.0,1.0,0.0,57856.23046875,-1.0,0,0.00035398229374550283,False,,,,0.0,0.0,False,True,True,19,,,
2026-01-23T07:16:21.062386Z,ut00c88185-c110861b-985a3bce,BOOTING,76,0.0,57856.23046875,1.0,-1.0,,-1.0,0.0,0.0,1.0,-1.0,,,,19,mini1_prod2,2026.01.09.mr71553,False,False,False,False,False,False,False,False,False,False,False,False,False,False,False,False,False,False,False,False,"[None, None, None, None, None, None, None, None, None, None, None, None]","[None, None, None, None, None, None, None, None, None, None, None, None]",0.0,ut00c88185-c110861b-985a3bce,mini1_prod2,2026.01.09.mr71553,BOOTING,76,,-1.0,1.0,0.0,57856.23046875,-1.0,0,0.00035398229374550283,False,,,,0.0,0.0,False,True,True,19,,,
2026-01-23T07:16:21.662477Z,ut00c88185-c110861b-985a3bce,BOOTING,77,0.0,32833.01171875,1.0,-1.0,,-1.0,0.0,0.0,1.0,-1.0,,,,18,mini1_prod2,2026.01.09.mr71553,False,False,False,False,False,False,False,False,False,False,False,False,False,False,False,False,False,False,False,False,"[None, None, None, None, None, None, None, None, None, None, None, None]","[None, None, None, None, None, None, None, None, None, None, None, None]",0.0,ut00c88185-c110861b-985a3bce,mini1_prod2,2026.01.09.mr71553,BOOTING,77,,-1.0,1.0,0.0,32833.01171875,-1.0,0,0.00035398229374550283,False,,,,0.0,0.0,False,True,True,18,,,
2026-01-23T07:16:22.262297Z,ut00c88185-c110861b-985a3bce,BOOTING,77,0.0,52546.2421875,1.0,-1.0,,-1.0,0.0,0.0,1.0,-1.0,,,,18,mini1_prod2,2026.01.09.mr71553,False,False,False,False,False,False,False,False,False,False,False,False,False,False,False,False,False,False,False,False,"[None, None, None, None, None, None, None, None, None, None, None, None]","[None, None, None, None, None, None, None, None, None, None, None, None]",0.0,ut00c88185-c110861b-985a3bce,mini1_prod2,2026.01.09.mr71553,BOOTING,77,,-1.0,1.0,0.0,52546.2421875,-1.0,0,0.00035398229374550283,False,,,,0.0,0.0,False,True,True,18,,,
2026-01-23T07:16:22.861956Z,ut00c88185-c110861b-985a3bce,BOOTING,78,0.0,52546.2421875,1.0,-1.0,,-1.0,0.0,0.0,1.0,-1.0,,,,18,mini1_prod2,2026.01.09.mr71553,False,False,False,False,False,False,False,False,False,False,False,False,False,False,False,False,False,False,False,False,"[None, None, None, None, None, None, None, None, None, None, None, None]","[None, None, None, None, None, None, None, None, None, None, None, None]",0.0,ut00c88185-c110861b-985a3bce,mini1_prod2,2026.01.09.mr71553,BOOTING,78,,-1.0,1.0,0.0,52546.2421875,-1.0,0,0.00035398229374550283,False,,,,0.0,0.0,False,True,True,18,,,
2026-01-23T07:16:23.462250Z,ut00c88185-c110861b-985a3bce,BOOTING,78,0.0,58829.30859375,1.0,-1.0,,-1.0,0.0,0.0,1.0,-1.0,,,,18,mini1_prod2,2026.01.09.mr71553,False,False,False,False,False,False,False,False,False,False,False,False,False,False,False,False,False,False,False,False,"[None, None, None, None, None, None, None, None, None, None, None, None]","[None, None, None, None, None, None, None, None, None, None, None, None]",0.0,ut00c88185-c110861b-985a3bce,mini1_prod2,2026.01.09.mr71553,BOOTING,78,,-1.0,1.0,0.0,58829.30859375,-1.0,0,0.00035398229374550283,False,,,,0.0,0.0,False,True,True,18,,,
2026-01-23T07:16:24.062564Z,ut00c88185-c110861b-985a3bce,BOOTING,79,0.0,58829.30859375,1.0,-1.0,,-1.0,0.0,0.0,1.0,-1.0,,,,18,mini1_prod2,2026.01.09.mr71553,False,False,False,False,False,False,False,False,False,False,False,False,False,False,False,False,False,False,False,False,"[None, None, None, None, None, None, None, None, None, None, None, None]","[None, None, None, None, None, None, None, None, None, None, None, None]",0.0,ut00c88185-c110861b-985a3bce,mini1_prod2,2026.01.09.mr71553,BOOTING,79,,-1.0,1.0,0.0,58829.30859375,-1.0,0,0.00035398229374550283,False,,,,0.0,0.0,False,True,True,18,,,
2026-01-23T07:16:24.661988Z,ut00c88185-c110861b-985a3bce,BOOTING,80,0.0,33059.50390625,1.0,-1.0,,-1.0,0.0,0.0,1.0,-1.0,,,,19,mini1_prod2,2026.01.09.mr71553,False,False,False,False,False,False,False,False,False,False,False,False,False,False,False,False,False,False,False,False,"[None, None, None, None, None, None, None, None, None, None, None, None]","[None, None, None, None, None, None, None, None, None, None, None, None]",0.0,ut00c88185-c110861b-985a3bce,mini1_prod2,2026.01.09.mr71553,BOOTING,80,,-1.0,1.0,0.0,33059.50390625,-1.0,0,0.00035398229374550283,False,,,,0.0,0.0,True,True,True,19,,,
2026-01-23T07:16:25.282429Z,ut00c88185-c110861b-985a3bce,BOOTING,80,0.0,63350.76953125,1.0,-1.0,,-1.0,0.0,0.0,1.0,-1.0,,,,19,mini1_prod2,2026.01.09.mr71553,False,False,False,False,False,False,False,False,False,False,False,False,False,False,False,False,False,False,False,False,"[None, None, None, None, None, None, None, None, None, None, None, None]","[None, None, None, None, None, None, None, None, None, None, None, None]",0.0,ut00c88185-c110861b-985a3bce,mini1_prod2,2026.01.09.mr71553,BOOTING,80,,-1.0,1.0,0.0,63350.76953125,-1.0,0,0.00035398229374550283,False,,,,0.0,0.0,True,True,True,19,,,
2026-01-23T07:16:25.901812Z,ut00c88185-c110861b-985a3bce,BOOTING,81,0.0,63350.76953125,1.0,-1.0,,-1.0,0.0,0.0,1.0,-1.0,,,,18,mini1_prod2,2026.01.09.mr71553,False,False,False,False,False,False,False,False,False,False,False,False,False,False,False,False,False,False,False,False,"[None, None, None, None, None, None, None, None, None, None, None, None]","[None, None, None, None, None, None, None, None, None, None, None, None]",0.0,ut00c88185-c110861b-985a3bce,mini1_prod2,2026.01.09.mr71553,BOOTING,81,,-1.0,1.0,0.0,63350.76953125,-1.0,0,0.00035398229374550283,False,,,,0.0,0.0,True,True,True,18,,,
2026-01-23T07:16:26.522463Z,ut00c88185-c110861b-985a3bce,BOOTING,81,0.0,54509.17578125,1.0,-1.0,,-1.0,0.0,0.0,1.0,-1.0,,,,18,mini1_prod2,2026.01.09.mr71553,False,False,False,False,False,False,False,False,False,False,False,False,False,False,False,False,False,False,False,False,"[None, None, None, None, None, None, None, None, None, None, None, None]","[None, None, None, None, None, None, None, None, None, None, None, None]",0.0,ut00c88185-c110861b-985a3bce,mini1_prod2,2026.01.09.mr71553,BOOTING,81,,-1.0,1.0,0.0,54509.17578125,-1.0,0,0.00035398229374550283,False,,,,0.0,0.0,True,True,True,18,,,
2026-01-23T07:16:27.181949Z,ut00c88185-c110861b-985a3bce,BOOTING,82,0.0,32958.83984375,1.0,-1.0,,-1.0,0.0,0.0,1.0,-1.0,,,,18,mini1_prod2,2026.01.09.mr71553,False,False,False,False,False,False,False,False,False,False,False,False,False,False,False,False,False,False,False,False,"[None, None, None, None, None, None, None, None, None, None, None, None]","[None, None, None, None, None, None, None, None, None, None, None, None]",0.0,ut00c88185-c110861b-985a3bce,mini1_prod2,2026.01.09.mr71553,BOOTING,82,,-1.0,1.0,0.0,32958.83984375,-1.0,0,0.00035398229374550283,False,,,,0.0,0.0,True,True,True,18,,,
2026-01-23T07:16:27.801921Z,ut00c88185-c110861b-985a3bce,BOOTING,83,0.0,32958.83984375,1.0,-1.0,,-1.0,0.0,0.0,1.0,-1.0,,,,16,mini1_prod2,2026.01.09.mr71553,False,False,False,False,False,False,False,False,False,False,False,False,False,False,False,False,False,False,False,False,"[None, None, None, None, None, None, None, None, None, None, None, None]","[None, None, None, None, None, None, None, None, None, None, None, None]",0.0,ut00c88185-c110861b-985a3bce,mini1_prod2,2026.01.09.mr71553,BOOTING,83,,-1.0,1.0,0.0,32958.83984375,-1.0,0,0.00035398229374550283,False,,,,0.0,0.0,False,True,True,16,,,
2026-01-23T07:16:28.422380Z,ut00c88185-c110861b-985a3bce,BOOTING,83,10368.3193359375,53317.9921875,1.0,-1.0,,-1.0,0.0,0.0,1.0,-1.0,,,,18,mini1_prod2,2026.01.09.mr71553,False,False,False,False,False,False,False,False,False,False,False,False,False,False,False,False,False,False,False,False,"[None, None, None, None, None, None, None, None, None, None, None, None]","[None, None, None, None, None, None, None, None, None, None, None, None]",0.0,ut00c88185-c110861b-985a3bce,mini1_prod2,2026.01.09.mr71553,BOOTING,83,,-1.0,1.0,10368.3193359375,53317.9921875,-1.0,0,0.00035398229374550283,False,,,,0.0,0.0,True,True,True,18,,,
2026-01-23T07:16:29.101830Z,ut00c88185-c110861b-985a3bce,BOOTING,84,10368.3193359375,53317.9921875,1.0,-1.0,,-1.0,0.0,0.0,1.0,-1.0,,,,18,mini1_prod2,2026.01.09.mr71553,False,False,False,False,False,False,False,False,False,False,False,False,False,False,False,False,False,False,False,False,"[None, None, None, None, None, None, None, None, None, None, None, None]","[None, None, None, None, None, None, None, None, None, None, None, None]",0.0,ut00c88185-c110861b-985a3bce,mini1_prod2,2026.01.09.mr71553,BOOTING,84,,-1.0,1.0,10368.3193359375,53317.9921875,-1.0,0,0.00035398229374550283,False,,,,0.0,0.0,True,True,True,18,,,
2026-01-23T07:16:29.721905Z,ut00c88185-c110861b-985a3bce,BOOTING,85,0.0,38654.70703125,1.0,-1.0,,-1.0,0.0,0.0,1.0,-1.0,,,,18,mini1_prod2,2026.01.09.mr71553,False,False,False,False,False,False,False,False,False,False,False,False,False,False,False,False,False,False,False,False,"[None, None, None, None, None, None, None, None, None, None, None, None]","[None, None, None, None, None, None, None, None, None, None, None, None]",0.0,ut00c88185-c110861b-985a3bce,mini1_prod2,2026.01.09.mr71553,BOOTING,85,,-1.0,1.0,0.0,38654.70703125,-1.0,0,0.00035398229374550283,False,,,,0.0,0.0,True,True,True,18,,,
2026-01-23T07:16:30.381952Z,ut00c88185-c110861b-985a3bce,BOOTING,85,0.0,44098.9140625,1.0,-1.0,,-1.0,0.0,0.0,1.0,-1.0,,,,18,mini1_prod2,2026.01.09.mr71553,False,False,False,False,False,False,False,False,False,False,False,False,False,False,False,False,False,False,False,False,"[None, None, None, None, None, None, None, None, None, None, None, None]","[None, None, None, None, None, None, None, None, None, None, None, None]",0.0,ut00c88185-c110861b-985a3bce,mini1_prod2,2026.01.09.mr71553,BOOTING,85,,-1.0,1.0,0.0,44098.9140625,-1.0,0,0.00035398229374550283,False,,,,0.0,0.0,True,True,True,18,,,
2026-01-23T07:16:31.022555Z,ut00c88185-c110861b-985a3bce,BOOTING,86,0.0,44098.9140625,1.0,-1.0,,-1.0,0.0,0.0,1.0,-1.0,,,,19,mini1_prod2,2026.01.09.mr71553,False,False,False,False,False,False,False,False,False,False,False,False,False,False,False,False,False,False,False,False,"[None, None, None, None, None, None, None, None, None, None, None, None]","[None, None, None, None, None, None, None, None, None, None, None, None]",0.0,ut00c88185-c110861b-985a3bce,mini1_prod2,2026.01.09.mr71553,BOOTING,86,,-1.0,1.0,0.0,44098.9140625,-1.0,0,0.00035398229374550283,False,,,,0.0,0.0,True,True,True,19,,,
2026-01-23T07:16:31.681922Z,ut00c88185-c110861b-985a3bce,BOOTING,87,0.0,52596.5703125,1.0,-1.0,,-1.0,0.0,0.0,1.0,-1.0,,,,18,mini1_prod2,2026.01.09.mr71553,False,False,False,False,False,False,False,False,False,False,False,False,False,False,False,False,False,False,False,False,"[None, None, None, None, None, None, None, None, None, None, None, None]","[None, None, None, None, None, None, None, None, None, None, None, None]",0.0,ut00c88185-c110861b-985a3bce,mini1_prod2,2026.01.09.mr71553,BOOTING,87,,-1.0,1.0,0.0,52596.5703125,-1.0,0,0.00035398229374550283,False,,,,0.0,0.0,True,True,True,18,,,
2026-01-23T07:16:32.302313Z,ut00c88185-c110861b-985a3bce,BOOTING,87,10368.3193359375,41565.55078125,1.0,-1.0,,-1.0,0.0,0.0,1.0,-1.0,,,,18,mini1_prod2,2026.01.09.mr71553,False,False,False,False,False,False,False,False,False,False,False,False,False,False,False,False,False,False,False,False,"[None, None, None, None, None, None, None, None, None, None, None, None]","[None, None, None, None, None, None, None, None, None, None, None, None]",0.0,ut00c88185-c110861b-985a3bce,mini1_prod2,2026.01.09.mr71553,BOOTING,87,,-1.0,1.0,10368.3193359375,41565.55078125,-1.0,0,0.00035398229374550283,False,,,,0.0,0.0,True,True,True,18,,,
2026-01-23T07:16:32.922882Z,ut00c88185-c110861b-985a3bce,BOOTING,88,10368.3193359375,41565.55078125,1.0,-1.0,,-1.0,0.0,0.0,1.0,-1.0,,,,19,mini1_prod2,2026.01.09.mr71553,False,False,False,False,False,False,False,False,False,False,False,False,False,False,False,False,False,False,False,False,"[None, None, None, None, None, None, None, None, None, None, None, None]","[None, None, None, None, None, None, None, None, None, None, None, None]",0.0,ut00c88185-c110861b-985a3bce,mini1_prod2,2026.01.09.mr71553,BOOTING,88,,-1.0,1.0,10368.3193359375,41565.55078125,-1.0,0,0.00035398229374550283,False,,,,0.0,0.0,True,True,True,19,,,
2026-01-23T07:16:33.582238Z,ut00c88185-c110861b-985a3bce,BOOTING,89,0.0,51438.9453125,1.0,-1.0,,-1.0,0.0,0.0,1.0,-1.0,,,,18,mini1_prod2,2026.01.09.mr71553,False,False,False,False,False,False,False,False,False,False,False,False,False,False,False,False,False,False,False,False,"[None, None, None, None, None, None, None, None, None, None, None, None]","[None, None, None, None, None, None, None, None, None, None, None, None]",0.0,ut00c88185-c110861b-985a3bce,mini1_prod2,2026.01.09.mr71553,BOOTING,89,,-1.0,1.0,0.0,51438.9453125,-1.0,0,0.00035398229374550283,False,,,,0.0,0.0,True,True,True,18,,,
2026-01-23T07:16:34.215232Z,ut00c88185-c110861b-985a3bce,BOOTING,89,13212.0576171875,51044.6796875,1.0,-1.0,,-1.0,0.0,0.0,1.0,-1.0,,,,18,mini1_prod2,2026.01.09.mr71553,False,False,False,False,False,False,False,False,False,False,False,False,False,False,False,False,False,False,False,False,"[None, None, None, None, None, None, None, None, None, None, None, None]","[None, None, None, None, None, None, None, None, None, None, None, None]",0.0,ut00c88185-c110861b-985a3bce,mini1_prod2,2026.01.09.mr71553,BOOTING,89,,-1.0,1.0,13212.0576171875,51044.6796875,-1.0,0,0.00035398229374550283,False,,,,0.0,0.0,True,True,True,18,,,
2026-01-23T07:16:34.881915Z,ut00c88185-c110861b-985a3bce,BOOTING,90,13212.0576171875,51044.6796875,1.0,-1.0,,-1.0,0.0,0.0,1.0,-1.0,,,,19,mini1_prod2,2026.01.09.mr71553,False,False,False,False,False,False,False,False,False,False,False,False,False,False,False,False,False,False,False,False,"[None, None, None, None, None, None, None, None, None, None, None, None]","[None, None, None, None, None, None, None, None, None, None, None, None]",0.0,ut00c88185-c110861b-985a3bce,mini1_prod2,2026.01.09.mr71553,BOOTING,90,,-1.0,1.0,13212.0576171875,51044.6796875,-1.0,0,0.00035398229374550283,False,,,,0.0,0.0,True,True,True,19,,,
2026-01-23T07:16:35.502268Z,ut00c88185-c110861b-985a3bce,BOOTING,90,536.8709106445312,53536.09765625,1.0,-1.0,,-1.0,0.0,0.0,1.0,-1.0,,,,19,mini1_prod2,2026.01.09.mr71553,False,False,False,False,False,False,False,False,False,False,False,False,False,False,False,False,False,False,False,False,"[None, None, None, None, None, None, None, None, None, None, None, None]","[None, None, None, None, None, None, None, None, None, None, None, None]",0.0,ut00c88185-c110861b-985a3bce,mini1_prod2,2026.01.09.mr71553,BOOTING,90,,-1.0,1.0,536.8709106445312,53536.09765625,-1.0,0,0.00035398229374550283,False,,,,0.0,0.0,True,True,True,19,,,
2026-01-23T07:16:36.122067Z,ut00c88185-c110861b-985a3bce,BOOTING,91,536.8709106445312,53536.09765625,1.0,-1.0,,-1.0,0.0,0.0,1.0,-1.0,,,,19,mini1_prod2,2026.01.09.mr71553,False,False,False,False,False,False,False,False,False,False,False,False,False,False,False,False,False,False,False,False,"[None, None, None, None, None, None, None, None, None, None, None, None]","[None, None, None, None, None, None, None, None, None, None, None, None]",0.0,ut00c88185-c110861b-985a3bce,mini1_prod2,2026.01.09.mr71553,BOOTING,91,,-1.0,1.0,536.8709106445312,53536.09765625,-1.0,0,0.00035398229374550283,False,,,,0.0,0.0,True,True,True,19,,,
2026-01-23T07:16:36.782456Z,ut00c88185-c110861b-985a3bce,BOOTING,92,536.8709106445312,30240.931640625,1.0,-1.0,,-1.0,0.0,0.0,1.0,-1.0,,,,18,mini1_prod2,2026.01.09.mr71553,False,False,False,False,False,False,False,False,False,False,False,False,False,False,False,False,False,False,False,False,"[None, None, None, None, None, None, None, None, None, None, None, None]","[None, None, None, None, None, None, None, None, None, None, None, None]",0.0,ut00c88185-c110861b-985a3bce,mini1_prod2,2026.01.09.mr71553,BOOTING,92,,-1.0,1.0,536.8709106445312,30240.931640625,-1.0,0,0.00035398229374550283,False,,,,0.0,0.0,True,True,True,18,,,
2026-01-23T07:16:37.401818Z,ut00c88185-c110861b-985a3bce,BOOTING,92,32665.240234375,55289.31640625,1.0,-1.0,,-1.0,0.0,0.0,1.0,-1.0,,,,19,mini1_prod2,2026.01.09.mr71553,False,False,False,False,False,False,False,False,False,False,False,False,False,False,False,False,False,False,False,False,"[None, None, None, None, None, None, None, None, None, None, None, None]","[None, None, None, None, None, None, None, None, None, None, None, None]",0.0,ut00c88185-c110861b-985a3bce,mini1_prod2,2026.01.09.mr71553,BOOTING,92,,-1.0,1.0,32665.240234375,55289.31640625,-1.0,0,0.00035398229374550283,False,,,,0.0,0.0,True,True,True,19,,,
2026-01-23T07:16:38.062312Z,ut00c88185-c110861b-985a3bce,BOOTING,93,32665.240234375,55289.31640625,1.0,-1.0,,-1.0,0.0,0.0,1.0,-1.0,,,,19,mini1_prod2,2026.01.09.mr71553,False,False,False,False,False,False,False,False,False,False,False,False,False,False,False,False,False,False,False,False,"[None, None, None, None, None, None, None, None, None, None, None, None]","[None, None, None, None, None, None, None, None, None, None, None, None]",0.0,ut00c88185-c110861b-985a3bce,mini1_prod2,2026.01.09.mr71553,BOOTING,93,,-1.0,1.0,32665.240234375,55289.31640625,-1.0,0,0.00035398229374550283,False,,,,0.0,0.0,True,True,True,19,,,
2026-01-23T07:16:38.661918Z,ut00c88185-c110861b-985a3bce,BOOTING,94,536.8709106445312,39434.84765625,1.0,-1.0,,-1.0,0.0,0.0,1.0,-1.0,,,,19,mini1_prod2,2026.01.09.mr71553,False,False,False,False,False,False,False,False,False,False,False,False,False,False,False,False,False,False,False,False,"[None, None, None, None, None, None, None, None, None, None, None, None]","[None, None, None, None, None, None, None, None, None, None, None, None]",0.0,ut00c88185-c110861b-985a3bce,mini1_prod2,2026.01.09.mr71553,BOOTING,94,,-1.0,1.0,536.8709106445312,39434.84765625,-1.0,0,0.00035398229374550283,False,,,,0.0,0.0,True,True,True,19,,,
2026-01-23T07:16:39.262843Z,ut00c88185-c110861b-985a3bce,BOOTING,94,536.8709106445312,45751.46875,1.0,-1.0,,-1.0,0.0,0.0,1.0,-1.0,,,,19,mini1_prod2,2026.01.09.mr71553,False,False,False,False,False,False,False,False,False,False,False,False,False,False,False,False,False,False,False,False,"[None, None, None, None, None, None, None, None, None, None, None, None]","[None, None, None, None, None, None, None, None, None, None, None, None]",0.0,ut00c88185-c110861b-985a3bce,mini1_prod2,2026.01.09.mr71553,BOOTING,94,,-1.0,1.0,536.8709106445312,45751.46875,-1.0,0,0.00035398229374550283,False,,,,0.0,0.0,True,True,True,19,,,
2026-01-23T07:16:39.862112Z,ut00c88185-c110861b-985a3bce,BOOTING,95,536.8709106445312,45751.46875,1.0,-1.0,,-1.0,0.0,0.0,1.0,-1.0,,,,18,mini1_prod2,2026.01.09.mr71553,False,False,False,False,False,False,False,False,False,False,False,False,False,False,False,False,False,False,False,False,"[None, None, None, None, None, None, None, None, None, None, None, None]","[None, None, None, None, None, None, None, None, None, None, None, None]",0.0,ut00c88185-c110861b-985a3bce,mini1_prod2,2026.01.09.mr71553,BOOTING,95,,-1.0,1.0,536.8709106445312,45751.46875,-1.0,0,0.00035398229374550283,False,,,,0.0,0.0,True,True,True,18,,,
2026-01-23T07:16:40.461751Z,ut00c88185-c110861b-985a3bce,BOOTING,95,536.8709106445312,66362.28125,1.0,-1.0,,-1.0,0.0,0.0,1.0,-1.0,,,,18,mini1_prod2,2026.01.09.mr71553,False,False,False,False,False,False,False,False,False,False,False,False,False,False,False,False,False,False,False,False,"[None, None, None, None, None, None, None, None, None, None, None, None]","[None, None, None, None, None, None, None, None, None, None, None, None]",0.0,ut00c88185-c110861b-985a3bce,mini1_prod2,2026.01.09.mr71553,BOOTING,95,,-1.0,1.0,536.8709106445312,66362.28125,-1.0,0,0.00035398229374550283,False,,,,0.0,0.0,True,True,True,18,,,
2026-01-23T07:16:41.062294Z,ut00c88185-c110861b-985a3bce,BOOTING,96,536.8709106445312,66362.28125,1.0,-1.0,,-1.0,0.0,0.0,1.0,-1.0,,,,18,mini1_prod2,2026.01.09.mr71553,False,False,False,False,False,False,False,False,False,False,False,False,False,False,False,False,False,False,False,False,"[None, None, None, None, None, None, None, None, None, None, None, None]","[None, None, None, None, None, None, None, None, None, None, None, None]",0.0,ut00c88185-c110861b-985a3bce,mini1_prod2,2026.01.09.mr71553,BOOTING,96,,-1.0,1.0,536.8709106445312,66362.28125,-1.0,0,0.00035398229374550283,False,,,,0.0,0.0,True,True,True,18,,,
2026-01-23T07:16:41.661939Z,ut00c88185-c110861b-985a3bce,BOOTING,97,536.8709106445312,43268.44140625,1.0,-1.0,,-1.0,0.0,0.0,1.0,-1.0,,,,19,mini1_prod2,2026.01.09.mr71553,False,False,False,False,False,False,False,False,False,False,False,False,False,False,False,False,False,False,False,False,"[None, None, None, None, None, None, None, None, None, None, None, None]","[None, None, None, None, None, None, None, None, None, None, None, None]",0.0,ut00c88185-c110861b-985a3bce,mini1_prod2,2026.01.09.mr71553,BOOTING,97,,-1.0,1.0,536.8709106445312,43268.44140625,-1.0,0,0.00035398229374550283,False,,,,0.0,0.0,True,True,True,19,,,
2026-01-23T07:16:42.261747Z,ut00c88185-c110861b-985a3bce,BOOTING,97,536.8709106445312,51925.484375,1.0,-1.0,,-1.0,0.0,0.0,1.0,-1.0,,,,19,mini1_prod2,2026.01.09.mr71553,False,False,False,False,False,False,False,False,False,False,False,False,False,False,False,False,False,False,False,False,"[None, None, None, None, None, None, None, None, None, None, None, None]","[None, None, None, None, None, None, None, None, None, None, None, None]",0.0,ut00c88185-c110861b-985a3bce,mini1_prod2,2026.01.09.mr71553,BOOTING,97,,-1.0,1.0,536.8709106445312,51925.484375,-1.0,0,0.00035398229374550283,False,,,,0.0,0.0,True,True,True,19,,,
2026-01-23T07:16:42.862374Z,ut00c88185-c110861b-985a3bce,BOOTING,98,536.8709106445312,51925.484375,1.0,-1.0,,-1.0,0.0,0.0,1.0,-1.0,,,,20,mini1_prod2,2026.01.09.mr71553,False,False,False,False,False,False,False,False,False,False,False,False,False,False,False,False,False,False,False,False,"[None, None, None, None, None, None, None, None, None, None, None, None]","[None, None, None, None, None, None, None, None, None, None, None, None]",0.0,ut00c88185-c110861b-985a3bce,mini1_prod2,2026.01.09.mr71553,BOOTING,98,,-1.0,1.0,536.8709106445312,51925.484375,-1.0,0,0.00035398229374550283,False,,,,0.0,0.0,True,True,True,20,,,
2026-01-23T07:16:43.461971Z,ut00c88185-c110861b-985a3bce,BOOTING,98,536.8709106445312,52059.703125,1.0,-1.0,,-1.0,0.0,0.0,1.0,-1.0,,,,20,mini1_prod2,2026.01.09.mr71553,False,False,False,False,False,False,False,False,False,False,False,False,False,False,False,False,False,False,False,False,"[None, None, None, None, None, None, None, None, None, None, None, None]","[None, None, None, None, None, None, None, None, None, None, None, None]",0.0,ut00c88185-c110861b-985a3bce,mini1_prod2,2026.01.09.mr71553,BOOTING,98,,-1.0,1.0,536.8709106445312,52059.703125,-1.0,0,0.00035398229374550283,False,,,,0.0,0.0,True,True,True,20,,,
2026-01-23T07:16:44.062747Z,ut00c88185-c110861b-985a3bce,BOOTING,99,536.8709106445312,52059.703125,1.0,-1.0,,-1.0,0.0,0.0,1.0,-1.0,,,,20,mini1_prod2,2026.01.09.mr71553,False,False,False,False,False,False,False,False,False,False,False,False,False,False,False,False,False,False,False,False,"[None, None, None, None, None, None, None, None, None, None, None, None]","[None, None, None, None, None, None, None, None, None, None, None, None]",0.0,ut00c88185-c110861b-985a3bce,mini1_prod2,2026.01.09.mr71553,BOOTING,99,,-1.0,1.0,536.8709106445312,52059.703125,-1.0,0,0.00035398229374550283,False,,,,0.0,0.0,False,True,True,20,,,
2026-01-23T07:16:44.681868Z,ut00c88185-c110861b-985a3bce,BOOTING,100,0.0,31214.009765625,1.0,-1.0,,-1.0,0.0,0.0,1.0,-1.0,,,,20,mini1_prod2,2026.01.09.mr71553,False,False,False,False,False,False,False,False,False,False,False,False,False,False,False,False,False,False,False,False,"[None, None, None, None, None, None, None, None, None, None, None, None]","[None, None, None, None, None, None, None, None, None, None, None, None]",0.0,ut00c88185-c110861b-985a3bce,mini1_prod2,2026.01.09.mr71553,BOOTING,100,,-1.0,1.0,0.0,31214.009765625,-1.0,0,0.00035398229374550283,False,,,,0.0,0.0,True,True,True,20,,,
2026-01-23T07:16:45.322520Z,ut00c88185-c110861b-985a3bce,BOOTING,100,0.0,68132.2734375,1.0,-1.0,,-1.0,0.0,0.0,1.0,-1.0,,,,20,mini1_prod2,2026.01.09.mr71553,False,False,False,False,False,False,False,False,False,False,False,False,False,False,False,False,False,False,False,False,"[None, None, None, None, None, None, None, None, None, None, None, None]","[None, None, None, None, None, None, None, None, None, None, None, None]",0.0,ut00c88185-c110861b-985a3bce,mini1_prod2,2026.01.09.mr71553,BOOTING,100,,-1.0,1.0,0.0,68132.2734375,-1.0,0,0.00035398229374550283,False,,,,0.0,0.0,True,True,True,20,,,
2026-01-23T07:16:45.981920Z,ut00c88185-c110861b-985a3bce,BOOTING,101,0.0,68132.2734375,1.0,-1.0,,-1.0,0.0,0.0,1.0,-1.0,,,,20,mini1_prod2,2026.01.09.mr71553,False,False,False,False,False,False,False,False,False,False,False,False,False,False,False,False,False,False,False,False,"[None, None, None, None, None, None, None, None, None, None, None, None]","[None, None, None, None, None, None, None, None, None, None, None, None]",0.0,ut00c88185-c110861b-985a3bce,mini1_prod2,2026.01.09.mr71553,BOOTING,101,,-1.0,1.0,0.0,68132.2734375,-1.0,0,0.00035398229374550283,False,,,,0.0,0.0,True,True,True,20,,,
2026-01-23T07:16:46.602004Z,ut00c88185-c110861b-985a3bce,BOOTING,102,0.0,43402.65625,1.0,-1.0,,-1.0,0.0,0.0,1.0,-1.0,,,,20,mini1_prod2,2026.01.09.mr71553,False,False,False,False,False,False,False,False,False,False,False,False,False,False,False,False,False,False,False,False,"[None, None, None, None, None, None, None, None, None, None, None, None]","[None, None, None, None, None, None, None, None, None, None, None, None]",0.0,ut00c88185-c110861b-985a3bce,mini1_prod2,2026.01.09.mr71553,BOOTING,102,,-1.0,1.0,0.0,43402.65625,-1.0,0,0.00035398229374550283,False,,,,0.0,0.0,True,True,True,20,,,
2026-01-23T07:16:47.282231Z,ut00c88185-c110861b-985a3bce,BOOTING,102,0.0,44451.234375,1.0,-1.0,,-1.0,0.0,0.0,1.0,-1.0,,,,20,mini1_prod2,2026.01.09.mr71553,False,False,False,False,False,False,False,False,False,False,False,False,False,False,False,False,False,False,False,False,"[None, None, None, None, None, None, None, None, None, None, None, None]","[None, None, None, None, None, None, None, None, None, None, None, None]",0.0,ut00c88185-c110861b-985a3bce,mini1_prod2,2026.01.09.mr71553,BOOTING,102,,-1.0,1.0,0.0,44451.234375,-1.0,0,0.00035398229374550283,False,,,,0.0,0.0,True,True,True,20,,,
2026-01-23T07:16:47.901851Z,ut00c88185-c110861b-985a3bce,BOOTING,103,0.0,44451.234375,1.0,-1.0,,-1.0,0.0,0.0,1.0,-1.0,,,,20,mini1_prod2,2026.01.09.mr71553,False,False,False,False,False,False,False,False,False,False,False,False,False,False,False,False,False,False,False,False,"[None, None, None, None, None, None, None, None, None, None, None, None]","[None, None, None, None, None, None, None, None, None, None, None, None]",0.0,ut00c88185-c110861b-985a3bce,mini1_prod2,2026.01.09.mr71553,BOOTING,103,,-1.0,1.0,0.0,44451.234375,-1.0,0,0.00035398229374550283,False,,,,0.0,0.0,True,True,True,20,,,
2026-01-23T07:16:48.522044Z,ut00c88185-c110861b-985a3bce,BOOTING,103,340871.09375,59567.50390625,1.0,-1.0,,-1.0,0.0,0.0,1.0,-1.0,,,,20,mini1_prod2,2026.01.09.mr71553,False,False,False,False,False,False,False,False,False,False,False,False,False,False,False,False,False,False,False,False,"[None, None, None, None, None, None, None, None, None, None, None, None]","[None, None, None, None, None, None, None, None, None, None, None, None]",0.0,ut00c88185-c110861b-985a3bce,mini1_prod2,2026.01.09.mr71553,BOOTING,103,,-1.0,1.0,340871.09375,59567.50390625,-1.0,0,0.00035398229374550283,False,,,,0.0,0.0,True,True,True,20,,,
2026-01-23T07:16:49.181874Z,ut00c88185-c110861b-985a3bce,BOOTING,104,38084.28125,34770.78125,1.0,-1.0,,-1.0,0.0,0.0,1.0,-1.0,,,,20,mini1_prod2,2026.01.09.mr71553,False,False,False,False,False,False,False,False,False,False,False,False,False,False,False,False,False,False,False,False,"[None, None, None, None, None, None, None, None, None, None, None, None]","[None, None, None, None, None, None, None, None, None, None, None, None]",0.0,ut00c88185-c110861b-985a3bce,mini1_prod2,2026.01.09.mr71553,BOOTING,104,,-1.0,1.0,38084.28125,34770.78125,-1.0,0,0.00035398229374550283,False,,,,0.0,0.0,True,True,True,20,,,
2026-01-23T07:16:49.802295Z,ut00c88185-c110861b-985a3bce,BOOTING,105,38084.28125,34770.78125,1.0,-1.0,,-1.0,0.0,0.0,1.0,-1.0,,,,19,mini1_prod2,2026.01.09.mr71553,False,False,False,False,False,False,False,False,False,False,False,False,False,False,False,False,False,False,False,False,"[None, None, None, None, None, None, None, None, None, None, None, None]","[None, None, None, None, None, None, None, None, None, None, None, None]",0.0,ut00c88185-c110861b-985a3bce,mini1_prod2,2026.01.09.mr71553,BOOTING,105,,-1.0,1.0,38084.28125,34770.78125,-1.0,0,0.00035398229374550283,False,,,,0.0,0.0,True,True,True,19,,,
2026-01-23T07:16:50.422566Z,ut00c88185-c110861b-985a3bce,BOOTING,105,1845.4937744140625,50398.7578125,1.0,-1.0,,-1.0,0.0,0.0,1.0,-1.0,,,,19,mini1_prod2,2026.01.09.mr71553,False,False,False,False,False,False,False,False,False,False,False,False,False,False,False,False,False,False,False,False,"[None, None, None, None, None, None, None, None, None, None, None, None]","[None, None, None, None, None, None, None, None, None, None, None, None]",0.0,ut00c88185-c110861b-985a3bce,mini1_prod2,2026.01.09.mr71553,BOOTING,105,,-1.0,1.0,1845.4937744140625,50398.7578125,-1.0,0,0.00035398229374550283,False,,,,0.0,0.0,True,True,True,19,,,
2026-01-23T07:16:51.075633Z,ut00c88185-c110861b-985a3bce,BOOTING,106,1845.4937744140625,50398.7578125,1.0,-1.0,,-1.0,0.0,0.0,1.0,-1.0,,,,19,mini1_prod2,2026.01.09.mr71553,False,False,False,False,False,False,False,False,False,False,False,False,False,False,False,False,False,False,False,False,"[None, None, None, None, None, None, None, None, None, None, None, None]","[None, None, None, None, None, None, None, None, None, None, None, None]",0.0,ut00c88185-c110861b-985a3bce,mini1_prod2,2026.01.09.mr71553,BOOTING,106,,-1.0,1.0,1845.4937744140625,50398.7578125,-1.0,0,0.00035398229374550283,False,,,,0.0,0.0,True,True,True,19,,,
2026-01-23T07:16:51.702901Z,ut00c88185-c110861b-985a3bce,BOOTING,107,228002.359375,50541.36328125,1.0,-1.0,,-1.0,0.0,0.0,1.0,-1.0,,,,19,mini1_prod2,2026.01.09.mr71553,False,False,False,False,False,False,False,False,False,False,False,False,False,False,False,False,False,False,False,False,"[None, None, None, None, None, None, None, None, None, None, None, None]","[None, None, None, None, None, None, None, None, None, None, None, None]",0.0,ut00c88185-c110861b-985a3bce,mini1_prod2,2026.01.09.mr71553,BOOTING,107,,-1.0,1.0,228002.359375,50541.36328125,-1.0,0,0.00035398229374550283,False,,,,0.0,0.0,True,True,True,19,,,
2026-01-23T07:16:52.382630Z,ut00c88185-c110861b-985a3bce,BOOTING,107,1779190.25,52747.56640625,1.0,-1.0,,-1.0,0.0,0.0,1.0,-1.0,,,,19,mini1_prod2,2026.01.09.mr71553,False,False,False,False,False,False,False,False,False,False,False,False,False,False,False,False,False,False,False,False,"[None, None, None, None, None, None, None, None, None, None, None, None]","[None, None, None, None, None, None, None, None, None, None, None, None]",0.0,ut00c88185-c110861b-985a3bce,mini1_prod2,2026.01.09.mr71553,BOOTING,107,,-1.0,1.0,1779190.25,52747.56640625,-1.0,0,0.00035398229374550283,False,,,,0.0,0.0,True,True,True,19,,,
2026-01-23T07:16:53.021911Z,ut00c88185-c110861b-985a3bce,BOOTING,108,1779190.25,52747.56640625,1.0,-1.0,,0.0,0.0,0.0,1.0,-1.0,,,,20,mini1_prod2,2026.01.09.mr71553,False,False,False,False,False,False,False,False,False,False,False,False,False,False,False,False,False,False,False,False,"[None, None, None, None, None, None, None, None, None, None, None, None]","[None, None, None, None, None, None, None, None, None, None, None, None]",0.0,ut00c88185-c110861b-985a3bce,mini1_prod2,2026.01.09.mr71553,BOOTING,108,,0.0,1.0,1779190.25,52747.56640625,-1.0,0,0.00035398229374550283,False,,,,0.0,0.0,True,True,True,20,,,
2026-01-23T07:16:53.681830Z,ut00c88185-c110861b-985a3bce,BOOTING,109,536.8709106445312,43234.88671875,1.0,-1.0,,0.0,0.0,0.0,1.0,-1.0,,,,20,mini1_prod2,2026.01.09.mr71553,False,False,False,False,False,False,False,False,False,False,False,False,False,False,False,False,False,False,False,False,"[None, None, None, None, None, None, None, None, None, None, None, None]","[None, None, None, None, None, None, None, None, None, None, None, None]",0.0,ut00c88185-c110861b-985a3bce,mini1_prod2,2026.01.09.mr71553,BOOTING,109,,0.0,1.0,536.8709106445312,43234.88671875,-1.0,0,0.00035398229374550283,False,,,,0.0,0.0,True,True,True,20,,,
2026-01-23T07:16:54.302335Z,ut00c88185-c110861b-985a3bce,BOOTING,109,1140.8507080078125,48469.37890625,1.0,-1.0,,0.0,0.0,0.0,1.0,-1.0,,,,20,mini1_prod2,2026.01.09.mr71553,False,False,False,False,False,False,False,False,False,False,False,False,False,False,False,False,False,False,False,False,"[None, None, None, None, None, None, None, None, None, None, None, None]","[None, None, None, None, None, None, None, None, None, None, None, None]",0.0,ut00c88185-c110861b-985a3bce,mini1_prod2,2026.01.09.mr71553,BOOTING,109,,0.0,1.0,1140.8507080078125,48469.37890625,-1.0,0,0.00035398229374550283,False,,,,0.0,0.0,True,True,True,20,,,
2026-01-23T07:16:54.922566Z,ut00c88185-c110861b-985a3bce,BOOTING,110,1140.8507080078125,48469.37890625,1.0,-1.0,,0.0,0.0,0.0,1.0,-1.0,,,,20,mini1_prod2,2026.01.09.mr71553,False,False,False,False,False,False,False,False,False,False,False,False,False,False,False,False,False,False,False,False,"[None, None, None, None, None, None, None, None, None, None, None, None]","[None, None, None, None, None, None, None, None, None, None, None, None]",0.0,ut00c88185-c110861b-985a3bce,mini1_prod2,2026.01.09.mr71553,BOOTING,110,,0.0,1.0,1140.8507080078125,48469.37890625,-1.0,0,0.00035398229374550283,False,,,,0.0,0.0,True,True,True,20,,,
2026-01-23T07:16:55.583970Z,ut00c88185-c110861b-985a3bce,BOOTING,111,536.8709106445312,57193.53125,1.0,-1.0,,0.0,0.0,0.0,1.0,-1.0,,,,20,mini1_prod2,2026.01.09.mr71553,False,False,False,False,False,False,False,False,False,False,False,False,False,False,False,False,False,False,False,False,"[None, None, None, None, None, None, None, None, None, None, None, None]","[None, None, None, None, None, None, None, None, None, None, None, None]",0.0,ut00c88185-c110861b-985a3bce,mini1_prod2,2026.01.09.mr71553,BOOTING,111,,0.0,1.0,536.8709106445312,57193.53125,-1.0,0,0.00035398229374550283,False,,,,0.0,0.0,True,True,True,20,,,
2026-01-23T07:16:56.215238Z,ut00c88185-c110861b-985a3bce,BOOTING,111,1140.8507080078125,36851.15625,1.0,-1.0,,0.0,0.0,0.0,1.0,-1.0,,,,20,mini1_prod2,2026.01.09.mr71553,False,False,False,False,False,False,False,False,False,False,False,False,False,False,False,False,False,False,False,False,"[None, None, None, None, None, None, None, None, None, None, None, None]","[None, None, None, None, None, None, None, None, None, None, None, None]",0.0,ut00c88185-c110861b-985a3bce,mini1_prod2,2026.01.09.mr71553,BOOTING,111,,0.0,1.0,1140.8507080078125,36851.15625,-1.0,0,0.00035398229374550283,False,,,,0.0,0.0,True,True,True,20,,,
2026-01-23T07:16:56.881938Z,ut00c88185-c110861b-985a3bce,BOOTING,112,1140.8507080078125,36851.15625,1.0,-1.0,,0.0,0.0,0.0,1.0,-1.0,,,,20,mini1_prod2,2026.01.09.mr71553,False,False,False,False,False,False,False,False,False,False,False,False,False,False,False,False,False,False,False,False,"[None, None, None, None, None, None, None, None, None, None, None, None]","[None, None, None, None, None, None, None, None, None, None, None, None]",0.0,ut00c88185-c110861b-985a3bce,mini1_prod2,2026.01.09.mr71553,BOOTING,112,,0.0,1.0,1140.8507080078125,36851.15625,-1.0,0,0.00035398229374550283,False,,,,0.0,0.0,True,True,True,20,,,
2026-01-23T07:16:57.502701Z,ut00c88185-c110861b-985a3bce,BOOTING,112,536.8709106445312,55842.96484375,1.0,-1.0,,0.0,0.0,0.0,1.0,-1.0,,,,20,mini1_prod2,2026.01.09.mr71553,False,False,False,False,False,False,False,False,False,False,False,False,False,False,False,False,False,False,False,False,"[None, None, None, None, None, None, None, None, None, None, None, None]","[None, None, None, None, None, None, None, None, None, None, None, None]",0.0,ut00c88185-c110861b-985a3bce,mini1_prod2,2026.01.09.mr71553,BOOTING,112,,0.0,1.0,536.8709106445312,55842.96484375,-1.0,0,0.00035398229374550283,False,,,,0.0,0.0,True,True,True,20,,,
2026-01-23T07:16:58.121933Z,ut00c88185-c110861b-985a3bce,BOOTING,113,536.8709106445312,55842.96484375,1.0,-1.0,,0.0,0.0,0.0,1.0,-1.0,,,,20,mini1_prod2,2026.01.09.mr71553,False,False,False,False,False,False,False,True,False,False,False,False,False,False,False,False,False,False,False,False,"[None, None, None, None, None, None, None, None, None, None, None, None]","[None, None, None, None, None, None, None, None, None, None, None, None]",0.0,ut00c88185-c110861b-985a3bce,mini1_prod2,2026.01.09.mr71553,BOOTING,113,,0.0,1.0,536.8709106445312,55842.96484375,-1.0,64,0.00035398229374550283,False,,,,0.0,0.0,True,True,True,20,,,
2026-01-23T07:16:58.782026Z,ut00c88185-c110861b-985a3bce,BOOTING,114,536.8709106445312,34678.50390625,1.0,-1.0,,0.0,0.0,0.0,1.0,-1.0,,,,20,mini1_prod2,2026.01.09.mr71553,False,False,False,False,False,False,False,True,False,False,False,False,False,False,False,False,False,False,False,False,"[None, None, None, None, None, None, None, None, None, None, None, None]","[None, None, None, None, None, None, None, None, None, None, None, None]",0.0,ut00c88185-c110861b-985a3bce,mini1_prod2,2026.01.09.mr71553,BOOTING,114,,0.0,1.0,536.8709106445312,34678.50390625,-1.0,64,0.00035398229374550283,False,,,,0.0,0.0,True,True,True,20,,,
2026-01-23T07:16:59.401673Z,ut00c88185-c110861b-985a3bce,BOOTING,114,0.0,60775.46484375,1.0,-1.0,,0.0,0.0,0.0,1.0,-1.0,,,,20,mini1_prod2,2026.01.09.mr71553,False,False,False,False,False,False,False,True,False,False,False,False,False,False,False,False,False,False,False,False,"[None, None, None, None, None, None, None, None, None, None, None, None]","[None, None, None, None, None, None, None, None, None, None, None, None]",0.0,ut00c88185-c110861b-985a3bce,mini1_prod2,2026.01.09.mr71553,BOOTING,114,,0.0,1.0,0.0,60775.46484375,-1.0,64,0.00035398229374550283,False,,,,0.0,0.0,True,True,True,20,,,
2026-01-23T07:17:00.063017Z,ut00c88185-c110861b-985a3bce,BOOTING,115,0.0,60775.46484375,1.0,-1.0,,0.0,-115.98412322998047,85.48212432861328,1.0,-1.0,,,,20,mini1_prod2,2026.01.09.mr71553,False,False,False,False,False,False,False,True,False,False,False,False,False,False,False,False,False,False,False,False,"[None, None, None, None, None, None, None, None, None, None, None, None]","[None, None, None, None, None, None, None, None, None, None, None, None]",0.0,ut00c88185-c110861b-985a3bce,mini1_prod2,2026.01.09.mr71553,BOOTING,115,,0.0,1.0,0.0,60775.46484375,-1.0,64,0.00035398229374550283,False,,,,-115.98412322998047,85.48212432861328,True,True,True,20,,,
2026-01-23T07:17:00.662836Z,ut00c88185-c110861b-985a3bce,BOOTING,116,13212.0576171875,38864.421875,1.0,-1.0,,0.0,-128.37806701660156,80.29039764404297,1.0,-1.0,,,,20,mini1_prod2,2026.01.09.mr71553,False,False,False,False,False,False,False,True,False,False,False,False,False,False,False,False,False,False,False,False,"[None, None, None, None, None, None, None, None, None, None, None, None]","[None, None, None, None, None, None, None, None, None, None, None, None]",0.0,ut00c88185-c110861b-985a3bce,mini1_prod2,2026.01.09.mr71553,BOOTING,116,,0.0,1.0,13212.0576171875,38864.421875,-1.0,64,0.0003537318843882531,False,,,,-128.37806701660156,80.29039764404297,True,True,True,20,,,
2026-01-23T07:17:01.282334Z,ut00c88185-c110861b-985a3bce,BOOTING,116,17901.2890625,39476.7890625,1.0,-1.0,,0.0,-129.1508331298828,82.06700897216797,1.0,-1.0,,,,20,mini1_prod2,2026.01.09.mr71553,False,False,False,False,False,False,False,True,False,False,False,False,False,False,False,False,False,False,False,False,"[None, None, None, None, None, None, None, None, None, None, None, None]","[None, None, None, None, None, None, None, None, None, None, None, None]",1.0,ut00c88185-c110861b-985a3bce,mini1_prod2,2026.01.09.mr71553,BOOTING,116,,0.0,1.0,17901.2890625,39476.7890625,-1.0,64,0.0003537318843882531,False,,,,-129.1508331298828,82.06700897216797,True,True,True,20,,,
2026-01-23T07:17:01.922641Z,ut00c88185-c110861b-985a3bce,BOOTING,117,17901.2890625,39476.7890625,1.0,-1.0,,0.0,-130.20382690429688,82.16636657714844,1.0,-1.0,,,,20,mini1_prod2,2026.01.09.mr71553,False,False,False,False,False,False,False,True,False,False,False,False,False,False,False,False,False,False,False,False,"[None, None, None, None, None, None, None, None, None, None, None, None]","[None, None, None, None, None, None, None, None, None, None, None, None]",1.0,ut00c88185-c110861b-985a3bce,mini1_prod2,2026.01.09.mr71553,BOOTING,117,,0.0,1.0,17901.2890625,39476.7890625,-1.0,64,0.0003537318843882531,False,,,,-130.20382690429688,82.16636657714844,True,True,True,20,,,
2026-01-23T07:17:02.583476Z,ut00c88185-c110861b-985a3bce,CONNECTED,118,77368.1328125,60691.578125,1.0,40.28733444213867,,0.0,-131.49656677246094,84.42423248291016,1.0,40.28733444213867,,,,20,mini1_prod2,2026.01.09.mr71553,False,False,False,False,False,False,False,True,False,False,False,False,False,False,False,False,False,False,False,False,"[None, None, None, None, None, None, None, None, None, None, None, None]","[None, None, None, None, None, None, None, None, None, None, None, None]",2.0,ut00c88185-c110861b-985a3bce,mini1_prod2,2026.01.09.mr71553,CONNECTED,118,,0.0,1.0,77368.1328125,60691.578125,40.28733444213867,64,0.0003537318843882531,False,,,,-131.49656677246094,84.42423248291016,True,True,True,20,,,
2026-01-23T07:17:03.182281Z,ut00c88185-c110861b-985a3bce,CONNECTED,118,9479.126953125,32723.958984375,1.0,40.69850158691406,,0.0,-130.71160888671875,84.6268539428711,1.0,40.69850158691406,,,,20,mini1_prod2,2026.01.09.mr71553,False,False,False,False,False,False,False,True,False,False,False,False,False,False,False,False,False,False,False,False,"[None, None, None, None, None, None, None, None, None, None, None, None]","[None, None, None, None, None, None, None, None, None, None, None, None]",3.0,ut00c88185-c110861b-985a3bce,mini1_prod2,2026.01.09.mr71553,CONNECTED,118,,0.0,1.0,9479.126953125,32723.958984375,40.69850158691406,64,0.0003537318843882531,False,,,,-130.71160888671875,84.6268539428711,True,True,True,20,,,
2026-01-23T07:17:03.802189Z,ut00c88185-c110861b-985a3bce,CONNECTED,119,9479.126953125,32723.958984375,1.0,40.66545104980469,,0.0,-130.20098876953125,84.10028839111328,1.0,40.66545104980469,,,,20,mini1_prod2,2026.01.09.mr71553,False,False,False,False,False,False,False,True,False,False,False,False,False,False,False,False,False,False,False,False,"[None, None, None, None, None, None, None, None, None, None, None, None]","[None, None, None, None, None, None, None, None, None, None, None, None]",3.0,ut00c88185-c110861b-985a3bce,mini1_prod2,2026.01.09.mr71553,CONNECTED,119,,0.0,1.0,9479.126953125,32723.958984375,40.66545104980469,64,0.0003537318843882531,False,,,,-130.20098876953125,84.10028839111328,True,True,True,20,,,
2026-01-23T07:17:04.422678Z,ut00c88185-c110861b-985a3bce,CONNECTED,119,7851.7373046875,74054.6328125,0.0,40.247642517089844,,0.0,-129.65550231933594,81.1015625,0.0,40.247642517089844,,,,20,mini1_prod2,2026.01.09.mr71553,False,False,False,False,False,False,False,True,False,False,False,False,False,False,False,False,False,False,False,False,"[None, None, None, None, None, None, None, None, None, None, None, None]","[None, None, None, None, None, None, None, None, None, None, None, None]",4.0,ut00c88185-c110861b-985a3bce,mini1_prod2,2026.01.09.mr71553,CONNECTED,119,,0.0,0.0,7851.7373046875,74054.6328125,40.247642517089844,64,0.0003537318843882531,False,,,,-129.65550231933594,81.1015625,True,True,True,20,,,
2026-01-23T07:17:05.082878Z,ut00c88185-c110861b-985a3bce,CONNECTED,120,7851.7373046875,74054.6328125,0.0,40.0765495300293,,0.0,-129.74703979492188,82.07992553710938,0.0,40.0765495300293,,,,20,mini1_prod2,2026.01.09.mr71553,False,False,False,False,False,False,False,True,False,False,False,False,False,False,False,False,False,False,False,False,"[None, None, None, None, None, None, None, None, None, None, None, None]","[None, None, None, None, None, None, None, None, None, None, None, None]",4.0,ut00c88185-c110861b-985a3bce,mini1_prod2,2026.01.09.mr71553,CONNECTED,120,,0.0,0.0,7851.7373046875,74054.6328125,40.0765495300293,64,0.0003537318843882531,False,,,,-129.74703979492188,82.07992553710938,True,True,True,20,,,
2026-01-23T07:17:05.782492Z,ut00c88185-c110861b-985a3bce,CONNECTED,121,5905.580078125,51061.45703125,0.0,39.8825569152832,,0.0,-129.62657165527344,84.5941162109375,0.0,39.8825569152832,,,,20,mini1_prod2,2026.01.09.mr71553,False,False,False,False,False,False,False,True,False,False,False,False,False,False,False,False,False,False,False,False,"[None, None, None, None, None, None, None, None, None, None, None, None]","[None, None, None, None, None, None, None, None, None, None, None, None]",5.0,ut00c88185-c110861b-985a3bce,mini1_prod2,2026.01.09.mr71553,CONNECTED,121,,0.0,0.0,5905.580078125,51061.45703125,39.8825569152832,64,0.0003537318843882531,False,,,,-129.62657165527344,84.5941162109375,True,True,True,20,,,
2026-01-23T07:17:06.401889Z,ut00c88185-c110861b-985a3bce,CONNECTED,121,49283.0703125,45021.66015625,0.0,39.85511779785156,,0.0,-128.03158569335938,84.86153411865234,0.0,39.85511779785156,,,,20,mini1_prod2,2026.01.09.mr71553,False,False,False,False,False,False,False,True,False,False,False,False,False,False,False,False,False,False,False,False,"[None, None, None, None, None, None, None, None, None, None, None, None]","[None, None, None, None, None, None, None, None, None, None, None, None]",6.0,ut00c88185-c110861b-985a3bce,mini1_prod2,2026.01.09.mr71553,CONNECTED,121,,0.0,0.0,49283.0703125,45021.66015625,39.85511779785156,64,0.0003537318843882531,False,,,,-128.03158569335938,84.86153411865234,True,True,True,20,,,
2026-01-23T07:17:07.063124Z,ut00c88185-c110861b-985a3bce,CONNECTED,122,49283.0703125,45021.66015625,0.0,39.88237380981445,,0.0,-125.54428100585938,85.54804229736328,0.0,39.88237380981445,,,,20,mini1_prod2,2026.01.09.mr71553,False,False,False,False,False,False,False,True,False,False,False,False,False,False,False,False,False,False,False,False,"[None, None, None, None, None, None, None, None, None, None, None, None]","[None, None, None, None, None, None, None, None, None, None, None, None]",6.0,ut00c88185-c110861b-985a3bce,mini1_prod2,2026.01.09.mr71553,CONNECTED,122,,0.0,0.0,49283.0703125,45021.66015625,39.88237380981445,64,0.0003537318843882531,False,,,,-125.54428100585938,85.54804229736328,True,True,True,20,,,
2026-01-23T07:17:07.682746Z,ut00c88185-c110861b-985a3bce,CONNECTED,123,32212.25390625,40592.47265625,0.0,39.790245056152344,,0.0,-125.29463958740234,85.32467651367188,0.0,39.790245056152344,,,,20,mini1_prod2,2026.01.09.mr71553,False,False,False,False,False,False,False,True,False,False,False,False,False,False,False,False,False,False,False,False,"[None, None, None, None, None, None, None, None, None, None, None, None]","[None, None, None, None, None, None, None, None, None, None, None, None]",7.0,ut00c88185-c110861b-985a3bce,mini1_prod2,2026.01.09.mr71553,CONNECTED,123,,0.0,0.0,32212.25390625,40592.47265625,39.790245056152344,64,0.0003537318843882531,False,,,,-125.29463958740234,85.32467651367188,True,True,True,20,,,
2026-01-23T07:17:08.302459Z,ut00c88185-c110861b-985a3bce,CONNECTED,123,45298.484375,57839.453125,0.0,40.07857131958008,,0.0,-124.69825744628906,85.95915985107422,0.0,40.07857131958008,,,,20,mini1_prod2,2026.01.09.mr71553,False,False,False,False,False,False,False,True,False,False,False,False,False,False,False,False,False,False,False,False,"[None, None, None, None, None, None, None, None, None, None, None, None]","[None, None, None, None, None, None, None, None, None, None, None, None]",8.0,ut00c88185-c110861b-985a3bce,mini1_prod2,2026.01.09.mr71553,CONNECTED,123,,0.0,0.0,45298.484375,57839.453125,40.07857131958008,64,0.0003537318843882531,False,,,,-124.69825744628906,85.95915985107422,True,True,True,20,,,
2026-01-23T07:17:08.922533Z,ut00c88185-c110861b-985a3bce,CONNECTED,124,45298.484375,57839.453125,0.0,39.99650192260742,,0.0,-123.65817260742188,86.25035858154297,0.0,39.99650192260742,,,,20,mini1_prod2,2026.01.09.mr71553,False,False,False,False,False,False,False,True,False,False,False,False,False,False,False,False,False,False,False,False,"[None, None, None, None, None, None, None, None, None, None, None, None]","[None, None, None, None, None, None, None, None, None, None, None, None]",8.0,ut00c88185-c110861b-985a3bce,mini1_prod2,2026.01.09.mr71553,CONNECTED,124,,0.0,0.0,45298.484375,57839.453125,39.99650192260742,64,0.0003537318843882531,False,,,,-123.65817260742188,86.25035858154297,True,True,True,20,,,
2026-01-23T07:17:09.582812Z,ut00c88185-c110861b-985a3bce,CONNECTED,125,5905.580078125,52898.5625,0.0,39.84697723388672,,0.0,-124.24516296386719,85.75403594970703,0.0,39.84697723388672,,,,20,mini1_prod2,2026.01.09.mr71553,False,False,False,False,False,False,False,True,False,False,False,False,False,False,False,False,False,False,False,False,"[None, None, None, None, None, None, None, None, None, None, None, None]","[None, None, None, None, None, None, None, None, None, None, None, None]",9.0,ut00c88185-c110861b-985a3bce,mini1_prod2,2026.01.09.mr71553,CONNECTED,125,,0.0,0.0,5905.580078125,52898.5625,39.84697723388672,64,0.00035360679612495005,False,,,,-124.24516296386719,85.75403594970703,True,True,True,20,,,
2026-01-23T07:17:10.215819Z,ut00c88185-c110861b-985a3bce,CONNECTED,125,16039.0185546875,35802.578125,0.0,39.900447845458984,,0.0,-122.96971130371094,85.93629455566406,0.0,39.900447845458984,,,,20,mini1_prod2,2026.01.09.mr71553,False,False,False,False,False,False,False,True,False,False,False,False,False,False,False,False,False,False,False,False,"[None, None, None, None, None, None, None, None, None, None, None, None]","[None, None, None, None, None, None, None, None, None, None, None, None]",10.0,ut00c88185-c110861b-985a3bce,mini1_prod2,2026.01.09.mr71553,CONNECTED,125,,0.0,0.0,16039.0185546875,35802.578125,39.900447845458984,64,0.00035360679612495005,False,,,,-122.96971130371094,85.93629455566406,True,True,True,20,,,
2026-01-23T07:17:10.882152Z,ut00c88185-c110861b-985a3bce,CONNECTED,126,16039.0185546875,35802.578125,0.0,40.03058624267578,,0.0,-120.8998794555664,86.3926773071289,0.0,40.03058624267578,,,,20,mini1_prod2,2026.01.09.mr71553,False,False,False,False,False,False,False,True,False,False,False,False,False,False,False,False,False,False,False,False,"[None, None, None, None, None, None, None, None, None, None, None, None]","[None, None, None, None, None, None, None, None, None, None, None, None]",10.0,ut00c88185-c110861b-985a3bce,mini1_prod2,2026.01.09.mr71553,CONNECTED,126,,0.0,0.0,16039.0185546875,35802.578125,40.03058624267578,64,0.00035360679612495005,False,,,,-120.8998794555664,86.3926773071289,True,True,True,20,,,
2026-01-23T07:17:11.502714Z,ut00c88185-c110861b-985a3bce,CONNECTED,126,114454.1640625,87283.46875,0.0,40.0587043762207,,0.0,-117.17589569091797,87.02877044677734,0.0,40.0587043762207,,,,20,mini1_prod2,2026.01.09.mr71553,False,False,False,False,False,False,False,True,False,False,False,False,False,False,False,False,False,False,False,False,"[None, None, None, None, None, None, None, None, None, None, None, None]","[None, None, None, None, None, None, None, None, None, None, None, None]",11.0,ut00c88185-c110861b-985a3bce,mini1_prod2,2026.01.09.mr71553,CONNECTED,126,,0.0,0.0,114454.1640625,87283.46875,40.0587043762207,64,0.0003534817951731384,False,,,,-117.17589569091797,87.02877044677734,True,True,True,20,,,
2026-01-23T07:17:12.122926Z,ut00c88185-c110861b-985a3bce,CONNECTED,127,114454.1640625,87283.46875,0.0,39.92710876464844,,0.0,-117.15313720703125,86.7393798828125,0.0,39.92710876464844,,,,20,mini1_prod2,2026.01.09.mr71553,False,False,False,False,False,False,False,True,False,False,False,False,False,False,False,False,False,False,False,False,"[None, None, None, None, None, None, None, None, None, None, None, None]","[None, None, None, None, None, None, None, None, None, None, None, None]",11.0,ut00c88185-c110861b-985a3bce,mini1_prod2,2026.01.09.mr71553,CONNECTED,127,,0.0,0.0,114454.1640625,87283.46875,39.92710876464844,64,0.0003534817951731384,False,,,,-117.15313720703125,86.7393798828125,True,True,True,20,,,
2026-01-23T07:17:12.802586Z,ut00c88185-c110861b-985a3bce,CONNECTED,128,104152.953125,59533.94921875,0.0,39.922218322753906,,0.0,-117.22467803955078,86.7637939453125,0.0,39.922218322753906,,,,20,mini1_prod2,2026.01.09.mr71553,False,False,False,False,False,False,False,True,False,False,False,False,False,False,False,False,False,False,False,False,"[None, None, None, None, None, None, None, None, None, None, None, None]","[None, None, None, None, None, None, None, None, None, None, None, None]",12.0,ut00c88185-c110861b-985a3bce,mini1_prod2,2026.01.09.mr71553,CONNECTED,128,,0.0,0.0,104152.953125,59533.94921875,39.922218322753906,64,0.0003534817951731384,False,,,,-117.22467803955078,86.7637939453125,True,True,True,20,,,
2026-01-23T07:17:13.422953Z,ut00c88185-c110861b-985a3bce,CONNECTED,128,83139.4921875,110419.25,0.0,39.79951095581055,,0.0,-108.56709289550781,87.90692901611328,0.0,39.79951095581055,,,,20,mini1_prod2,2026.01.09.mr71553,False,False,False,False,False,False,False,True,False,False,False,False,False,False,False,False,False,False,False,False,"[None, None, None, None, None, None, None, None, None, None, None, None]","[None, None, None, None, None, None, None, None, None, None, None, None]",13.0,ut00c88185-c110861b-985a3bce,mini1_prod2,2026.01.09.mr71553,CONNECTED,128,,0.0,0.0,83139.4921875,110419.25,39.79951095581055,64,0.0003534817951731384,False,,,,-108.56709289550781,87.90692901611328,True,True,True,20,,,
2026-01-23T07:17:14.102466Z,ut00c88185-c110861b-985a3bce,CONNECTED,129,83139.4921875,110419.25,0.0,39.67020034790039,,0.0,-81.87896728515625,89.02936553955078,0.0,39.67020034790039,,,,20,mini1_prod2,2026.01.09.mr71553,False,False,False,False,False,False,False,True,False,False,False,False,False,False,False,False,False,False,False,False,"[None, None, None, None, None, None, None, None, None, None, None, None]","[None, None, None, None, None, None, None, None, None, None, None, None]",13.0,ut00c88185-c110861b-985a3bce,mini1_prod2,2026.01.09.mr71553,CONNECTED,129,,0.0,0.0,83139.4921875,110419.25,39.67020034790039,64,0.0003534817951731384,False,,,,-81.87896728515625,89.02936553955078,True,True,True,20,,,
2026-01-23T07:17:14.722617Z,ut00c88185-c110861b-985a3bce,CONNECTED,130,3140728.5,201603.421875,0.0,39.5389518737793,,0.0,-65.08168029785156,89.22722625732422,0.0,39.5389518737793,,,,19,mini1_prod2,2026.01.09.mr71553,False,False,False,False,False,False,False,True,False,False,False,False,False,False,False,False,False,False,False,False,"[None, None, None, None, None, None, None, None, None, None, None, None]","[None, None, None, None, None, None, None, None, None, None, None, None]",14.0,ut00c88185-c110861b-985a3bce,mini1_prod2,2026.01.09.mr71553,CONNECTED,130,,0.0,0.0,3140728.5,201603.421875,39.5389518737793,64,0.00035298269358463585,False,,,,-65.08168029785156,89.22722625732422,True,True,True,19,,,
2026-01-23T07:17:15.382294Z,ut00c88185-c110861b-985a3bce,CONNECTED,130,428020.34375,104270.3984375,0.0,39.34211730957031,,0.0,-25.536300659179688,89.30567169189453,0.0,39.34211730957031,,,,19,mini1_prod2,2026.01.09.mr71553,False,False,False,False,False,False,False,True,False,False,False,False,False,False,False,False,False,False,False,False,"[None, None, None, None, None, None, None, None, None, None, None, None]","[None, None, None, None, None, None, None, None, None, None, None, None]",15.0,ut00c88185-c110861b-985a3bce,mini1_prod2,2026.01.09.mr71553,CONNECTED,130,,0.0,0.0,428020.34375,104270.3984375,39.34211730957031,64,0.0003528581582941115,False,,,,-25.536300659179688,89.30567169189453,True,True,True,19,,,
2026-01-23T07:17:16.023074Z,ut00c88185-c110861b-985a3bce,CONNECTED,131,428020.34375,104270.3984375,0.0,39.18899917602539,,0.0,-11.323922157287598,89.1968994140625,0.0,39.18899917602539,,,,17,mini1_prod2,2026.01.09.mr71553,False,False,False,False,False,False,False,True,False,False,False,False,False,False,False,False,False,False,False,False,"[None, None, None, None, None, None, None, None, None, None, None, None]","[None, None, None, None, None, None, None, None, None, None, None, None]",15.0,ut00c88185-c110861b-985a3bce,mini1_prod2,2026.01.09.mr71553,CONNECTED,131,,0.0,0.0,428020.34375,104270.3984375,39.18899917602539,64,0.0003528581582941115,False,,,,-11.323922157287598,89.1968994140625,True,True,True,17,,,
2026-01-23T07:17:16.682466Z,ut00c88185-c110861b-985a3bce,CONNECTED,132,87040.1953125,79507.2265625,0.0,38.98328399658203,,0.0,1.4052929878234863,88.973876953125,0.0,38.98328399658203,,,,20,mini1_prod2,2026.01.09.mr71553,False,False,False,False,False,False,False,True,False,False,False,False,False,False,False,False,False,False,False,False,"[None, None, None, None, None, None, None, None, None, None, None, None]","[None, None, None, None, None, None, None, None, None, None, None, None]",16.0,ut00c88185-c110861b-985a3bce,mini1_prod2,2026.01.09.mr71553,CONNECTED,132,,0.0,0.0,87040.1953125,79507.2265625,38.98328399658203,64,0.00035273368121124804,False,,,,1.4052929878234863,88.973876953125,True,True,True,20,,,
2026-01-23T07:17:17.302716Z,ut00c88185-c110861b-985a3bce,CONNECTED,132,39518.73046875,49308.23828125,0.0,38.8076171875,,0.0,7.128866672515869,88.92045593261719,0.0,38.8076171875,,,,20,mini1_prod2,2026.01.09.mr71553,False,False,False,False,False,False,False,True,False,False,False,False,False,False,False,False,False,False,False,False,"[None, None, None, None, None, None, None, None, None, None, None, None]","[None, None, None, None, None, None, None, None, None, None, None, None]",16.0,ut00c88185-c110861b-985a3bce,mini1_prod2,2026.01.09.mr71553,CONNECTED,132,,0.0,0.0,39518.73046875,49308.23828125,38.8076171875,64,0.00035273368121124804,False,,,,7.128866672515869,88.92045593261719,True,True,True,20,,,
2026-01-23T07:17:17.922553Z,ut00c88185-c110861b-985a3bce,CONNECTED,133,39518.73046875,49308.23828125,0.0,38.554229736328125,,0.0,-1.1499404907226562,89.04570007324219,0.0,38.554229736328125,,,,18,mini1_prod2,2026.01.09.mr71553,False,False,False,False,False,False,False,True,False,False,False,False,False,False,False,False,False,False,False,False,"[None, None, None, None, None, None, None, None, None, None, None, None]","[None, None, None, None, None, None, None, None, None, None, None, None]",16.0,ut00c88185-c110861b-985a3bce,mini1_prod2,2026.01.09.mr71553,CONNECTED,133,,0.0,0.0,39518.73046875,49308.23828125,38.554229736328125,64,0.00035273368121124804,False,,,,-1.1499404907226562,89.04570007324219,True,True,True,18,,,
2026-01-23T07:17:18.582382Z,ut00c88185-c110861b-985a3bce,CONNECTED,134,113892.1328125,85219.8671875,0.0,38.202003479003906,,0.0,2.115699529647827,89.01068878173828,0.0,38.202003479003906,,,,20,mini1_prod2,2026.01.09.mr71553,False,False,False,False,False,False,False,True,False,False,False,False,False,False,False,False,False,False,False,False,"[None, None, None, None, None, None, None, None, None, None, None, None]","[None, None, None, None, None, None, None, None, None, None, None, None]",17.0,ut00c88185-c110861b-985a3bce,mini1_prod2,2026.01.09.mr71553,CONNECTED,134,,0.0,0.0,113892.1328125,85219.8671875,38.202003479003906,64,0.00035273368121124804,False,,,,2.115699529647827,89.01068878173828,True,True,True,20,,,
2026-01-23T07:17:19.215612Z,ut00c88185-c110861b-985a3bce,CONNECTED,134,64785.21875,70850.1796875,0.0,38.030513763427734,,0.0,-0.05458526685833931,89.02619934082031,0.0,38.030513763427734,,,,20,mini1_prod2,2026.01.09.mr71553,False,False,False,False,False,False,False,True,False,False,False,False,False,False,False,False,False,False,False,False,"[None, None, None, None, None, None, None, None, None, None, None, None]","[None, None, None, None, None, None, None, None, None, None, None, None]",18.0,ut00c88185-c110861b-985a3bce,mini1_prod2,2026.01.09.mr71553,CONNECTED,134,,0.0,0.0,64785.21875,70850.1796875,38.030513763427734,64,0.00035273368121124804,False,,,,-0.05458526685833931,89.02619934082031,True,True,True,20,,,
2026-01-23T07:17:19.882640Z,ut00c88185-c110861b-985a3bce,CONNECTED,135,64785.21875,70850.1796875,0.0,37.93049621582031,,0.0,-1.2939388751983643,89.13856506347656,0.0,37.93049621582031,,,,20,mini1_prod2,2026.01.09.mr71553,False,False,False,False,False,False,False,True,False,False,False,False,False,False,False,False,False,False,False,False,"[None, None, None, None, None, None, None, None, None, None, None, None]","[None, None, None, None, None, None, None, None, None, None, None, None]",18.0,ut00c88185-c110861b-985a3bce,mini1_prod2,2026.01.09.mr71553,CONNECTED,135,,0.0,0.0,64785.21875,70850.1796875,37.93049621582031,64,0.00035273368121124804,False,,,,-1.2939388751983643,89.13856506347656,True,True,True,20,,,
2026-01-23T07:17:20.502358Z,ut00c88185-c110861b-985a3bce,CONNECTED,135,11140.0712890625,53385.1015625,0.0,37.88758087158203,,0.0,1.2744536399841309,89.16935729980469,0.0,37.88758087158203,,,,20,mini1_prod2,2026.01.09.mr71553,False,False,False,False,False,False,False,True,False,False,False,False,False,False,False,False,False,False,False,False,"[None, None, None, None, None, None, None, None, None, None, None, None]","[None, None, None, None, None, None, None, None, None, None, None, None]",19.0,ut00c88185-c110861b-985a3bce,mini1_prod2,2026.01.09.mr71553,CONNECTED,135,,0.0,0.0,11140.0712890625,53385.1015625,37.88758087158203,64,0.00035273368121124804,False,,,,1.2744536399841309,89.16935729980469,True,True,True,20,,,
2026-01-23T07:17:21.123084Z,ut00c88185-c110861b-985a3bce,CONNECTED,136,11140.0712890625,53385.1015625,0.0,37.64603042602539,,0.0,-1.955854892730713,89.25959014892578,0.0,37.64603042602539,,,,20,mini1_prod2,2026.01.09.mr71553,False,False,False,False,False,False,False,True,False,False,False,False,False,False,False,False,False,False,False,False,"[None, None, None, None, None, None, None, None, None, None, None, None]","[None, None, None, None, None, None, None, None, None, None, None, None]",19.0,ut00c88185-c110861b-985a3bce,mini1_prod2,2026.01.09.mr71553,CONNECTED,136,,0.0,0.0,11140.0712890625,53385.1015625,37.64603042602539,64,0.00035273368121124804,False,,,,-1.955854892730713,89.25959014892578,True,True,True,20,,,
2026-01-23T07:17:21.802267Z,ut00c88185-c110861b-985a3bce,CONNECTED,137,38688.26171875,30610.03125,0.0,37.4066162109375,,0.0,-4.875091552734375,89.34557342529297,0.0,37.4066162109375,,,,20,mini1_prod2,2026.01.09.mr71553,False,False,False,False,False,False,False,True,False,False,False,False,False,False,False,False,False,False,False,False,"[None, None, None, None, None, None, None, None, None, None, None, None]","[None, None, None, None, None, None, None, None, None, None, None, None]",20.0,ut00c88185-c110861b-985a3bce,mini1_prod2,2026.01.09.mr71553,CONNECTED,137,,0.0,0.0,38688.26171875,30610.03125,37.4066162109375,64,0.00035273368121124804,False,,,,-4.875091552734375,89.34557342529297,True,True,True,20,,,
2026-01-23T07:17:22.422751Z,ut00c88185-c110861b-985a3bce,CONNECTED,137,111761.421875,59257.125,0.0,37.124900817871094,,0.0,-17.574268341064453,89.43330383300781,0.0,37.124900817871094,,,,19,mini1_prod2,2026.01.09.mr71553,False,False,False,False,False,False,False,True,False,False,False,False,False,False,False,False,False,False,False,False,"[None, None, None, None, None, None, None, None, None, None, None, None]","[None, None, None, None, None, None, None, None, None, None, None, None]",21.0,ut00c88185-c110861b-985a3bce,mini1_prod2,2026.01.09.mr71553,CONNECTED,137,,0.0,0.0,111761.421875,59257.125,37.124900817871094,64,0.00035273368121124804,False,,,,-17.574268341064453,89.43330383300781,True,True,True,19,,,
2026-01-23T07:17:23.082792Z,ut00c88185-c110861b-985a3bce,CONNECTED,138,111761.421875,59257.125,0.0,37.00387191772461,,0.0,-32.25059509277344,89.49800109863281,0.0,37.00387191772461,,,,19,mini1_prod2,2026.01.09.mr71553,False,False,False,False,False,False,False,True,False,False,False,False,False,False,False,False,False,False,False,False,"[None, None, None, None, None, None, None, None, None, None, None, None]","[None, None, None, None, None, None, None, None, None, None, None, None]",21.0,ut00c88185-c110861b-985a3bce,mini1_prod2,2026.01.09.mr71553,CONNECTED,138,,0.0,0.0,111761.421875,59257.125,37.00387191772461,64,0.00035273368121124804,False,,,,-32.25059509277344,89.49800109863281,True,True,True,19,,,
2026-01-23T07:17:23.702480Z,ut00c88185-c110861b-985a3bce,CONNECTED,139,74415.34375,37782.2890625,0.0,36.849178314208984,,0.0,-57.30271530151367,89.5149154663086,0.0,36.849178314208984,,,,19,mini1_prod2,2026.01.09.mr71553,False,False,False,False,False,False,False,True,False,False,False,False,False,False,False,False,False,False,False,False,"[None, None, None, None, None, None, None, None, None, None, None, None]","[None, None, None, None, None, None, None, None, None, None, None, None]",22.0,ut00c88185-c110861b-985a3bce,mini1_prod2,2026.01.09.mr71553,CONNECTED,139,,0.0,0.0,74415.34375,37782.2890625,36.849178314208984,64,0.00035273368121124804,False,,,,-57.30271530151367,89.5149154663086,True,True,True,19,,,
2026-01-23T07:17:24.402423Z,ut00c88185-c110861b-985a3bce,CONNECTED,139,107651.0078125,52688.84765625,0.0,36.584590911865234,,0.0,-77.35309600830078,89.52039337158203,0.0,36.584590911865234,,,,17,mini1_prod2,2026.01.09.mr71553,False,False,False,False,False,False,False,True,False,False,False,False,False,False,False,False,False,False,False,False,"[None, None, None, None, None, None, None, None, None, None, None, None]","[None, None, None, None, None, None, None, None, None, None, None, None]",23.0,ut00c88185-c110861b-985a3bce,mini1_prod2,2026.01.09.mr71553,CONNECTED,139,,0.0,0.0,107651.0078125,52688.84765625,36.584590911865234,64,0.00035273368121124804,False,,,,-77.35309600830078,89.52039337158203,True,True,True,17,,,
2026-01-23T07:17:25.063001Z,ut00c88185-c110861b-985a3bce,CONNECTED,140,107651.0078125,52688.84765625,0.0,36.4185791015625,,0.0,-85.98635864257812,89.54776000976562,0.0,36.4185791015625,,,,17,mini1_prod2,2026.01.09.mr71553,False,False,False,False,False,False,False,True,False,False,False,False,False,False,False,False,False,False,False,False,"[None, None, None, None, None, None, None, None, None, None, None, None]","[None, None, None, None, None, None, None, None, None, None, None, None]",23.0,ut00c88185-c110861b-985a3bce,mini1_prod2,2026.01.09.mr71553,CONNECTED,140,,0.0,0.0,107651.0078125,52688.84765625,36.4185791015625,64,0.00035273368121124804,False,,,,-85.98635864257812,89.54776000976562,True,True,True,17,,,
2026-01-23T07:17:25.662872Z,ut00c88185-c110861b-985a3bce,CONNECTED,141,66697.8203125,49601.83984375,0.0,36.146392822265625,,0.0,-95.69834899902344,89.47649383544922,0.0,36.146392822265625,,,,17,mini1_prod2,2026.01.09.mr71553,False,False,False,False,False,False,False,True,False,False,False,False,False,False,False,False,False,False,False,False,"[None, None, None, None, None, None, None, None, None, None, None, None]","[None, None, None, None, None, None, None, None, None, None, None, None]",24.0,ut00c88185-c110861b-985a3bce,mini1_prod2,2026.01.09.mr71553,CONNECTED,141,,0.0,0.0,66697.8203125,49601.83984375,36.146392822265625,64,0.00035273368121124804,False,,,,-95.69834899902344,89.47649383544922,True,True,True,17,,,
2026-01-23T07:17:26.263542Z,ut00c88185-c110861b-985a3bce,CONNECTED,141,41037.0703125,51749.32421875,0.0,35.85304641723633,,0.0,-100.83194732666016,89.5159912109375,0.0,35.85304641723633,,,,17,mini1_prod2,2026.01.09.mr71553,False,False,False,False,False,False,False,True,False,False,False,False,False,False,False,False,False,False,False,False,"[None, None, None, None, None, None, None, None, None, None, None, None]","[None, None, None, None, None, None, None, None, None, None, None, None]",25.0,ut00c88185-c110861b-985a3bce,mini1_prod2,2026.01.09.mr71553,CONNECTED,141,,0.0,0.0,41037.0703125,51749.32421875,35.85304641723633,64,0.00035273368121124804,False,,,,-100.83194732666016,89.5159912109375,True,True,True,17,,,
2026-01-23T07:17:26.882292Z,ut00c88185-c110861b-985a3bce,CONNECTED,142,41037.0703125,51749.32421875,0.0,35.594600677490234,,0.0,-109.14590454101562,89.67129516601562,0.0,35.594600677490234,,,,14,mini1_prod2,2026.01.09.mr71553,False,False,False,False,False,False,False,True,False,False,False,False,False,False,False,False,False,False,False,False,"[None, None, None, None, None, None, None, None, None, None, None, None]","[None, None, None, None, None, None, None, None, None, None, None, None]",25.0,ut00c88185-c110861b-985a3bce,mini1_prod2,2026.01.09.mr71553,CONNECTED,142,,0.0,0.0,41037.0703125,51749.32421875,35.594600677490234,64,0.00035273368121124804,False,,,,-109.14590454101562,89.67129516601562,True,True,True,14,,,
2026-01-23T07:17:27.502671Z,ut00c88185-c110861b-985a3bce,CONNECTED,142,45323.6484375,59995.32421875,0.0,35.50477981567383,,0.0,-131.20452880859375,89.77945709228516,0.0,35.50477981567383,,,,17,mini1_prod2,2026.01.09.mr71553,False,False,False,False,False,False,False,True,False,False,False,False,False,False,False,False,False,False,False,False,"[None, None, None, None, None, None, None, None, None, None, None, None]","[None, None, None, None, None, None, None, None, None, None, None, None]",25.0,ut00c88185-c110861b-985a3bce,mini1_prod2,2026.01.09.mr71553,CONNECTED,142,,0.0,0.0,45323.6484375,59995.32421875,35.50477981567383,64,0.00035273368121124804,False,,,,-131.20452880859375,89.77945709228516,True,True,True,17,,,
2026-01-23T07:17:28.122850Z,ut00c88185-c110861b-985a3bce,CONNECTED,143,45323.6484375,59995.32421875,0.0,35.37343978881836,,0.0,166.81028747558594,89.81620025634766,0.0,35.37343978881836,,,,17,mini1_prod2,2026.01.09.mr71553,False,False,False,False,False,False,False,True,False,False,False,False,False,False,False,False,False,False,False,False,"[None, None, None, None, None, None, None, None, None, None, None, None]","[None, None, None, None, None, None, None, None, None, None, None, None]",25.0,ut00c88185-c110861b-985a3bce,mini1_prod2,2026.01.09.mr71553,CONNECTED,143,,0.0,0.0,45323.6484375,59995.32421875,35.37343978881836,64,0.00035273368121124804,False,,,,166.81028747558594,89.81620025634766,True,True,True,17,,,
2026-01-23T07:17:28.782262Z,ut00c88185-c110861b-985a3bce,CONNECTED,144,11693.7197265625,30610.03125,0.0,35.46424102783203,,0.0,151.6610565185547,89.78551483154297,0.0,35.46424102783203,,,,18,mini1_prod2,2026.01.09.mr71553,False,False,False,False,False,False,False,True,False,False,False,False,False,False,False,False,False,False,False,False,"[None, None, None, None, None, None, None, None, None, None, None, None]","[None, None, None, None, None, None, None, None, None, None, None, None]",25.0,ut00c88185-c110861b-985a3bce,mini1_prod2,2026.01.09.mr71553,CONNECTED,144,,0.0,0.0,11693.7197265625,30610.03125,35.46424102783203,64,0.00035273368121124804,False,,,,151.6610565185547,89.78551483154297,True,True,True,18,,,
2026-01-23T07:17:29.402286Z,ut00c88185-c110861b-985a3bce,CONNECTED,144,28236.0546875,79054.2421875,0.0,35.6238899230957,,0.0,150.88719177246094,89.71121978759766,0.0,35.6238899230957,,,,18,mini1_prod2,2026.01.09.mr71553,False,False,False,False,False,False,False,True,False,False,False,False,False,False,False,False,False,False,False,False,"[None, None, None, None, None, None, None, None, None, None, None, None]","[None, None, None, None, None, None, None, None, None, None, None, None]",26.0,ut00c88185-c110861b-985a3bce,mini1_prod2,2026.01.09.mr71553,CONNECTED,144,,0.0,0.0,28236.0546875,79054.2421875,35.6238899230957,64,0.0003524850180838257,False,,,,150.88719177246094,89.71121978759766,True,True,True,18,,,
2026-01-23T07:17:30.063171Z,ut00c88185-c110861b-985a3bce,CONNECTED,145,28236.0546875,79054.2421875,0.0,35.72542190551758,,0.0,161.51666259765625,89.68211364746094,0.0,35.72542190551758,,,,18,mini1_prod2,2026.01.09.mr71553,False,False,False,False,False,False,False,True,False,False,False,False,False,False,False,False,False,False,False,False,"[None, None, None, None, None, None, None, None, None, None, None, None]","[None, None, None, None, None, None, None, None, None, None, None, None]",26.0,ut00c88185-c110861b-985a3bce,mini1_prod2,2026.01.09.mr71553,CONNECTED,145,,0.0,0.0,28236.0546875,79054.2421875,35.72542190551758,64,0.0003524850180838257,False,,,,161.51666259765625,89.68211364746094,True,True,True,18,,,
2026-01-23T07:17:30.662939Z,ut00c88185-c110861b-985a3bce,CONNECTED,146,25551.69921875,48897.1953125,0.0,35.934547424316406,,0.0,157.63417053222656,89.61430358886719,0.0,35.934547424316406,,,,19,mini1_prod2,2026.01.09.mr71553,False,False,False,False,False,False,False,True,False,False,False,False,False,False,False,False,False,False,False,False,"[None, None, None, None, None, None, None, None, None, None, None, None]","[None, None, None, None, None, None, None, None, None, None, None, None]",27.0,ut00c88185-c110861b-985a3bce,mini1_prod2,2026.01.09.mr71553,CONNECTED,146,,0.0,0.0,25551.69921875,48897.1953125,35.934547424316406,64,0.0003524850180838257,False,,,,157.63417053222656,89.61430358886719,True,True,True,19,,,
2026-01-23T07:17:31.282601Z,ut00c88185-c110861b-985a3bce,CONNECTED,146,129083.8984375,78274.1015625,0.0,36.06833267211914,,0.0,166.5440673828125,89.64722442626953,0.0,36.06833267211914,,,,19,mini1_prod2,2026.01.09.mr71553,False,False,False,False,False,False,False,True,False,False,False,False,False,False,False,False,False,False,False,False,"[None, None, None, None, None, None, None, None, None, None, None, None]","[None, None, None, None, None, None, None, None, None, None, None, None]",28.0,ut00c88185-c110861b-985a3bce,mini1_prod2,2026.01.09.mr71553,CONNECTED,146,,0.0,0.0,129083.8984375,78274.1015625,36.06833267211914,64,0.0003524850180838257,False,,,,166.5440673828125,89.64722442626953,True,True,True,19,,,
2026-01-23T07:17:31.882109Z,ut00c88185-c110861b-985a3bce,CONNECTED,147,129083.8984375,78274.1015625,0.0,36.02049255371094,,0.0,172.03457641601562,89.57205963134766,0.0,36.02049255371094,,,,18,mini1_prod2,2026.01.09.mr71553,False,False,False,False,False,False,False,True,False,False,False,False,False,False,False,False,False,False,False,False,"[None, None, None, None, None, None, None, None, None, None, None, None]","[None, None, None, None, None, None, None, None, None, None, None, None]",28.0,ut00c88185-c110861b-985a3bce,mini1_prod2,2026.01.09.mr71553,CONNECTED,147,,0.0,0.0,129083.8984375,78274.1015625,36.02049255371094,64,0.0003524850180838257,False,,,,172.03457641601562,89.57205963134766,True,True,True,18,,,
2026-01-23T07:17:32.502688Z,ut00c88185-c110861b-985a3bce,CONNECTED,147,56992.203125,74180.4609375,0.0,36.440345764160156,,0.0,166.80581665039062,89.41381072998047,0.0,36.440345764160156,,,,16,mini1_prod2,2026.01.09.mr71553,False,False,False,False,False,False,False,True,False,False,False,False,False,False,False,False,False,False,False,False,"[None, None, None, None, None, None, None, None, None, None, None, None]","[None, None, None, None, None, None, None, None, None, None, None, None]",29.0,ut00c88185-c110861b-985a3bce,mini1_prod2,2026.01.09.mr71553,CONNECTED,147,,0.0,0.0,56992.203125,74180.4609375,36.440345764160156,64,0.0003524850180838257,False,,,,166.80581665039062,89.41381072998047,True,True,True,16,,,
2026-01-23T07:17:33.122329Z,ut00c88185-c110861b-985a3bce,CONNECTED,148,56992.203125,74180.4609375,0.0,36.842811584472656,,0.0,176.77407836914062,89.313232421875,0.0,36.842811584472656,,,,16,mini1_prod2,2026.01.09.mr71553,False,False,False,False,False,False,False,True,False,False,False,False,False,False,False,False,False,False,False,False,"[None, None, None, None, None, None, None, None, None, None, None, None]","[None, None, None, None, None, None, None, None, None, None, None, None]",29.0,ut00c88185-c110861b-985a3bce,mini1_prod2,2026.01.09.mr71553,CONNECTED,148,,0.0,0.0,56992.203125,74180.4609375,36.842811584472656,64,0.0003524850180838257,False,,,,176.77407836914062,89.313232421875,True,True,True,16,,,
2026-01-23T07:17:33.782458Z,ut00c88185-c110861b-985a3bce,CONNECTED,149,12230.5908203125,33344.71875,0.0,37.36214065551758,,0.0,173.49209594726562,89.1445541381836,0.0,37.36214065551758,,,,15,mini1_prod2,2026.01.09.mr71553,False,False,False,False,False,False,False,True,False,False,False,False,False,False,False,False,False,False,False,False,"[None, None, None, None, None, None, None, None, None, None, None, None]","[None, None, None, None, None, None, None, None, None, None, None, None]",30.0,ut00c88185-c110861b-985a3bce,mini1_prod2,2026.01.09.mr71553,CONNECTED,149,,0.0,0.0,12230.5908203125,33344.71875,37.36214065551758,64,0.0003524850180838257,False,,,,173.49209594726562,89.1445541381836,True,True,True,15,,,
2026-01-23T07:17:34.402349Z,ut00c88185-c110861b-985a3bce,CONNECTED,149,12163.4814453125,52781.12109375,0.0,37.75327682495117,,0.0,177.9994659423828,89.14303588867188,0.0,37.75327682495117,,,,14,mini1_prod2,2026.01.09.mr71553,False,False,False,False,False,False,False,True,False,False,False,False,False,False,False,False,False,False,False,False,"[None, None, None, None, None, None, None, None, None, None, None, None]","[None, None, None, None, None, None, None, None, None, None, None, None]",31.0,ut00c88185-c110861b-985a3bce,mini1_prod2,2026.01.09.mr71553,CONNECTED,149,,0.0,0.0,12163.4814453125,52781.12109375,37.75327682495117,64,0.00035236080293543637,False,,,,177.9994659423828,89.14303588867188,True,True,True,14,,,
2026-01-23T07:17:35.063214Z,ut00c88185-c110861b-985a3bce,CONNECTED,150,12163.4814453125,52781.12109375,0.0,37.89434814453125,,0.0,176.91468811035156,89.20671844482422,0.0,37.89434814453125,,,,14,mini1_prod2,2026.01.09.mr71553,False,False,False,False,False,False,False,True,False,False,False,False,False,False,False,False,False,False,False,False,"[None, None, None, None, None, None, None, None, None, None, None, None]","[None, None, None, None, None, None, None, None, None, None, None, None]",31.0,ut00c88185-c110861b-985a3bce,mini1_prod2,2026.01.09.mr71553,CONNECTED,150,,0.0,0.0,12163.4814453125,52781.12109375,37.89434814453125,64,0.00035236080293543637,False,,,,176.91468811035156,89.20671844482422,True,True,True,14,,,
2026-01-23T07:17:35.662966Z,ut00c88185-c110861b-985a3bce,CONNECTED,151,25534.921875,48502.9296875,0.0,38.131771087646484,,0.0,-179.3174591064453,89.18653106689453,0.0,38.131771087646484,,,,16,mini1_prod2,2026.01.09.mr71553,False,False,False,False,False,False,False,True,False,False,False,False,False,False,False,False,False,False,False,False,"[None, None, None, None, None, None, None, None, None, None, None, None]","[None, None, None, None, None, None, None, None, None, None, None, None]",32.0,ut00c88185-c110861b-985a3bce,mini1_prod2,2026.01.09.mr71553,CONNECTED,151,,0.0,0.0,25534.921875,48502.9296875,38.131771087646484,64,0.00035236080293543637,False,,,,-179.3174591064453,89.18653106689453,True,True,True,16,,,
2026-01-23T07:17:36.263428Z,ut00c88185-c110861b-985a3bce,CONNECTED,151,13505.6591796875,46229.6171875,0.0,38.401031494140625,,0.0,-176.8063507080078,89.19241333007812,0.0,38.401031494140625,,,,16,mini1_prod2,2026.01.09.mr71553,False,False,False,False,False,False,False,True,False,False,False,False,False,False,False,False,False,False,False,False,"[None, None, None, None, None, None, None, None, None, None, None, None]","[None, None, None, None, None, None, None, None, None, None, None, None]",33.0,ut00c88185-c110861b-985a3bce,mini1_prod2,2026.01.09.mr71553,CONNECTED,151,,0.0,0.0,13505.6591796875,46229.6171875,38.401031494140625,64,0.00035236080293543637,False,,,,-176.8063507080078,89.19241333007812,True,True,True,16,,,
2026-01-23T07:17:36.863804Z,ut00c88185-c110861b-985a3bce,CONNECTED,152,13505.6591796875,46229.6171875,0.0,38.91957092285156,,0.0,-178.4170684814453,89.11233520507812,0.0,38.91957092285156,,,,17,mini1_prod2,2026.01.09.mr71553,False,False,False,False,False,False,False,True,False,False,False,False,False,False,False,False,False,False,False,False,"[None, None, None, None, None, None, None, None, None, None, None, None]","[None, None, None, None, None, None, None, None, None, None, None, None]",33.0,ut00c88185-c110861b-985a3bce,mini1_prod2,2026.01.09.mr71553,CONNECTED,152,,0.0,0.0,13505.6591796875,46229.6171875,38.91957092285156,64,0.00035236080293543637,False,,,,-178.4170684814453,89.11233520507812,True,True,True,17,,,
2026-01-23T07:17:37.482913Z,ut00c88185-c110861b-985a3bce,CONNECTED,152,46481.27734375,61052.2890625,0.0,39.07378387451172,,0.0,178.19927978515625,89.10905456542969,0.0,39.07378387451172,,,,19,mini1_prod2,2026.01.09.mr71553,False,False,False,False,False,False,False,True,False,False,False,False,False,False,False,False,False,False,False,False,"[None, None, None, None, None, None, None, None, None, None, None, None]","[None, None, None, None, None, None, None, None, None, None, None, None]",34.0,ut00c88185-c110861b-985a3bce,mini1_prod2,2026.01.09.mr71553,CONNECTED,152,,0.0,0.0,46481.27734375,61052.2890625,39.07378387451172,64,0.00035223670420236886,False,,,,178.19927978515625,89.10905456542969,True,True,True,19,,,
2026-01-23T07:17:38.102979Z,ut00c88185-c110861b-985a3bce,CONNECTED,153,46481.27734375,61052.2890625,0.0,39.35144805908203,,0.0,177.10171508789062,89.14576721191406,0.0,39.35144805908203,,,,19,mini1_prod2,2026.01.09.mr71553,False,False,False,False,False,False,False,True,False,False,False,False,False,False,False,False,False,False,False,False,"[None, None, None, None, None, None, None, None, None, None, None, None]","[None, None, None, None, None, None, None, None, None, None, None, None]",34.0,ut00c88185-c110861b-985a3bce,mini1_prod2,2026.01.09.mr71553,CONNECTED,153,,0.0,0.0,46481.27734375,61052.2890625,39.35144805908203,64,0.00035223670420236886,False,,,,177.10171508789062,89.14576721191406,True,True,True,19,,,
2026-01-23T07:17:38.722514Z,ut00c88185-c110861b-985a3bce,CONNECTED,154,16055.7958984375,35148.265625,0.0,39.49667739868164,,0.0,-177.35189819335938,89.2046890258789,0.0,39.49667739868164,,,,16,mini1_prod2,2026.01.09.mr71553,False,False,False,False,False,False,False,True,False,False,False,False,False,False,False,False,False,False,False,False,"[None, None, None, None, None, None, None, None, None, None, None, None]","[None, None, None, None, None, None, None, None, None, None, None, None]",35.0,ut00c88185-c110861b-985a3bce,mini1_prod2,2026.01.09.mr71553,CONNECTED,154,,0.0,0.0,16055.7958984375,35148.265625,39.49667739868164,64,0.00035211266367696226,False,,,,-177.35189819335938,89.2046890258789,True,True,True,16,,,
2026-01-23T07:17:39.382493Z,ut00c88185-c110861b-985a3bce,CONNECTED,154,47924.1171875,99136.5703125,0.0,39.755306243896484,,0.0,-178.2925567626953,89.33589935302734,0.0,39.755306243896484,,,,16,mini1_prod2,2026.01.09.mr71553,False,False,False,False,False,False,False,True,False,False,False,False,False,False,False,False,False,False,False,False,"[None, None, None, None, None, None, None, None, None, None, None, None]","[None, None, None, None, None, None, None, None, None, None, None, None]",36.0,ut00c88185-c110861b-985a3bce,mini1_prod2,2026.01.09.mr71553,CONNECTED,154,,0.0,0.0,47924.1171875,99136.5703125,39.755306243896484,64,0.0003519887395668775,False,,,,-178.2925567626953,89.33589935302734,True,True,True,16,,,
2026-01-23T07:17:40.022707Z,ut00c88185-c110861b-985a3bce,CONNECTED,155,47924.1171875,99136.5703125,0.0,39.8912353515625,,0.0,-172.96995544433594,89.3746337890625,0.0,39.8912353515625,,,,15,mini1_prod2,2026.01.09.mr71553,False,False,False,False,False,False,False,True,False,False,False,False,False,False,False,False,False,False,False,False,"[None, None, None, None, None, None, None, None, None, None, None, None]","[None, None, None, None, None, None, None, None, None, None, None, None]",36.0,ut00c88185-c110861b-985a3bce,mini1_prod2,2026.01.09.mr71553,CONNECTED,155,,0.0,0.0,47924.1171875,99136.5703125,39.8912353515625,64,0.0003519887395668775,False,,,,-172.96995544433594,89.3746337890625,True,True,True,15,,,
2026-01-23T07:17:40.682804Z,ut00c88185-c110861b-985a3bce,CONNECTED,156,30089.9375,59248.73828125,0.0,40.361412048339844,,0.0,-167.22792053222656,89.4244613647461,0.0,40.361412048339844,,,,16,mini1_prod2,2026.01.09.mr71553,False,False,False,False,False,False,False,True,False,False,False,False,False,False,False,False,False,False,False,False,"[None, None, None, None, None, None, None, None, None, None, None, None]","[None, None, None, None, None, None, None, None, None, None, None, None]",37.0,ut00c88185-c110861b-985a3bce,mini1_prod2,2026.01.09.mr71553,CONNECTED,156,,0.0,0.0,30089.9375,59248.73828125,40.361412048339844,64,0.0003519887395668775,False,,,,-167.22792053222656,89.4244613647461,True,True,True,16,,,
2026-01-23T07:17:41.302666Z,ut00c88185-c110861b-985a3bce,CONNECTED,156,17691.57421875,60473.4765625,0.0,40.63999557495117,,0.0,-166.58840942382812,89.4937973022461,0.0,40.63999557495117,,,,16,mini1_prod2,2026.01.09.mr71553,False,False,False,False,False,False,False,True,False,False,False,False,False,False,False,False,False,False,False,False,"[None, None, None, None, None, None, None, None, None, None, None, None]","[None, None, None, None, None, None, None, None, None, None, None, None]",38.0,ut00c88185-c110861b-985a3bce,mini1_prod2,2026.01.09.mr71553,CONNECTED,156,,0.0,0.0,17691.57421875,60473.4765625,40.63999557495117,64,0.0003518648736644536,False,,,,-166.58840942382812,89.4937973022461,True,True,True,16,,,
2026-01-23T07:17:41.982046Z,ut00c88185-c110861b-985a3bce,CONNECTED,157,17691.57421875,60473.4765625,0.0,40.93123245239258,,0.0,-160.6309051513672,89.53223419189453,0.0,40.93123245239258,,,,16,mini1_prod2,2026.01.09.mr71553,False,False,False,False,False,False,False,True,False,False,False,False,False,False,False,False,False,False,False,False,"[None, None, None, None, None, None, None, None, None, None, None, None]","[None, None, None, None, None, None, None, None, None, None, None, None]",38.0,ut00c88185-c110861b-985a3bce,mini1_prod2,2026.01.09.mr71553,CONNECTED,157,,0.0,0.0,17691.57421875,60473.4765625,40.93123245239258,64,0.0003518648736644536,False,,,,-160.6309051513672,89.53223419189453,True,True,True,16,,,
2026-01-23T07:17:42.602780Z,ut00c88185-c110861b-985a3bce,CONNECTED,158,14604.56640625,53208.94140625,0.0,41.20798873901367,,0.0,-156.86990356445312,89.5506591796875,0.0,41.20798873901367,,,,17,mini1_prod2,2026.01.09.mr71553,False,False,False,False,False,False,False,True,False,False,False,False,False,False,False,False,False,False,False,False,"[None, None, None, None, None, None, None, None, None, None, None, None]","[None, None, None, None, None, None, None, None, None, None, None, None]",39.0,ut00c88185-c110861b-985a3bce,mini1_prod2,2026.01.09.mr71553,CONNECTED,158,,0.0,0.0,14604.56640625,53208.94140625,41.20798873901367,64,0.0003517411241773516,False,,,,-156.86990356445312,89.5506591796875,True,True,True,17,,,
2026-01-23T07:17:43.229702Z,ut00c88185-c110861b-985a3bce,CONNECTED,158,57269.02734375,58946.75,0.0,41.44401550292969,,0.0,-155.2355499267578,89.57796478271484,0.0,41.44401550292969,,,,17,mini1_prod2,2026.01.09.mr71553,False,False,False,False,False,False,False,True,False,False,False,False,False,False,False,False,False,False,False,False,"[None, None, None, None, None, None, None, None, None, None, None, None]","[None, None, None, None, None, None, None, None, None, None, None, None]",39.0,ut00c88185-c110861b-985a3bce,mini1_prod2,2026.01.09.mr71553,CONNECTED,158,,0.0,0.0,57269.02734375,58946.75,41.44401550292969,64,0.0003516174328979105,False,,,,-155.2355499267578,89.57796478271484,True,True,True,17,,,
2026-01-23T07:17:43.882179Z,ut00c88185-c110861b-985a3bce,CONNECTED,159,57269.02734375,58946.75,0.0,42.226348876953125,,0.0,-137.2433319091797,89.63707733154297,0.0,42.226348876953125,,,,15,mini1_prod2,2026.01.09.mr71553,False,False,False,False,False,False,False,True,False,False,False,False,False,False,False,False,False,False,False,False,"[None, None, None, None, None, None, None, None, None, None, None, None]","[None, None, None, None, None, None, None, None, None, None, None, None]",39.0,ut00c88185-c110861b-985a3bce,mini1_prod2,2026.01.09.mr71553,CONNECTED,159,,0.0,0.0,57269.02734375,58946.75,42.226348876953125,64,0.0003516174328979105,False,,,,-137.2433319091797,89.63707733154297,True,True,True,15,,,
2026-01-23T07:17:44.502633Z,ut00c88185-c110861b-985a3bce,CONNECTED,159,22322.0859375,54702.11328125,0.0,42.17097854614258,,0.0,-124.70423126220703,89.65179443359375,0.0,42.17097854614258,,,,15,mini1_prod2,2026.01.09.mr71553,False,False,False,False,False,False,False,True,False,False,False,False,False,False,False,False,False,False,False,False,"[None, None, None, None, None, None, None, None, None, None, None, None]","[None, None, None, None, None, None, None, None, None, None, None, None]",40.0,ut00c88185-c110861b-985a3bce,mini1_prod2,2026.01.09.mr71553,CONNECTED,159,,0.0,0.0,22322.0859375,54702.11328125,42.17097854614258,64,0.0003513703413773328,False,,,,-124.70423126220703,89.65179443359375,True,True,True,15,,,
