timestamp,terminal_id,state,uptime,downlink_throughput_bps,uplink_throughput_bps,ping_drop_rate,ping_latency_ms,snr,seconds_to_first_nonempty_slot,azimuth,elevation,pop_ping_drop_rate,pop_ping_latency_ms,latitude,longitude,altitude,gps_sats,hardware_version,software_version,alerts.alert_motors_stuck,alerts.alert_thermal_throttle,alerts.alert_thermal_shutdown,alerts.alert_mast_not_near_vertical,alerts.alert_unexpected_location,alerts.alert_slow_ethernet_speeds,alerts.alert_slow_ethernet_speeds_100,alerts.alert_roaming,alerts.alert_install_pending,alerts.alert_is_heating,alerts.alert_power_supply_thermal_throttle,alerts.alert_is_power_save_idle,alerts.alert_dbf_telem_stale,alerts.alert_low_motor_current,alerts.alert_lower_signal_than_predicted,alerts.alert_obstruction_map_reset,alerts.alert_dish_water_detected,alerts.alert_router_water_detected,alerts.alert_upsu_router_port_slow,alerts.alert_no_ethernet_link,obstruction.wedges_fraction_obstructed[],obstruction.raw_wedges_fraction_obstructed[],obstruction.valid_s,raw_status.id,raw_status.hardware_version,raw_status.software_version,raw_status.state,raw_status.uptime,raw_status.snr,raw_status.seconds_to_first_nonempty_slot,raw_status.pop_ping_drop_rate,raw_status.downlink_throughput_bps,raw_status.uplink_throughput_bps,raw_status.pop_ping_latency_ms,raw_status.alerts,raw_status.fraction_obstructed,raw_status.currently_obstructed,raw_status.seconds_obstructed,raw_status.obstruction_duration,raw_status.obstruction_interval,raw_status.direction_azimuth,raw_status.direction_elevation,raw_status.is_snr_above_noise_floor,raw_status.gps_ready,raw_status.gps_enabled,raw_status.gps_sats,raw_location.latitude,raw_location.longitude,raw_location.altitude
2026-01-21T06:11:05.250647Z,ut00c88185-c110861b-985a3bce,CONNECTED,50,9705.619140625,12188.6474609375,0.0,53.44759750366211,,0.0,131.90133666992188,80.50743865966797,0.0,53.44759750366211,,,,13,mini1_prod2,2025.12.16.mr69973.1,False,False,False,False,False,False,False,True,False,False,False,False,False,False,False,False,False,False,False,False,"[None, None, None, None, None, None, None, None, None, None, None, None]","[None, None, None, None, None, None, None, None, None, None, None, None]",9.0,ut00c88185-c110861b-985a3bce,mini1_prod2,2025.12.16.mr69973.1,CONNECTED,50,,0.0,0.0,9705.619140625,12188.6474609375,53.44759750366211,64,0.3232724368572235,False,,,,131.90133666992188,80.50743865966797,True,True,True,13,,,
2026-01-21T06:11:05.886655Z,ut00c88185-c110861b-985a3bce,CONNECTED,51,9705.619140625,12188.6474609375,0.0,53.59444046020508,,0.0,131.3500518798828,80.51168823242188,0.0,53.59444046020508,,,,13,mini1_prod2,2025.12.16.mr69973.1,False,False,False,False,False,False,False,True,False,False,False,False,False,False,False,False,False,False,False,False,"[None, None, None, None, None, None, None, None, None, None, None, None]","[None, None, None, None, None, None, None, None, None, None, None, None]",9.0,ut00c88185-c110861b-985a3bce,mini1_prod2,2025.12.16.mr69973.1,CONNECTED,51,,0.0,0.0,9705.619140625,12188.6474609375,53.59444046020508,64,0.3232724368572235,False,,,,131.3500518798828,80.51168823242188,True,True,True,13,,,
2026-01-21T06:11:06.550336Z,ut00c88185-c110861b-985a3bce,CONNECTED,51,20736.638671875,69323.453125,0.0,53.76704406738281,,0.0,130.84136962890625,80.47259521484375,0.0,53.76704406738281,,,,13,mini1_prod2,2025.12.16.mr69973.1,False,False,False,False,False,False,False,True,False,False,False,False,False,False,False,False,False,False,False,False,"[None, None, None, None, None, None, None, None, None, None, None, None]","[None, None, None, None, None, None, None, None, None, None, None, None]",10.0,ut00c88185-c110861b-985a3bce,mini1_prod2,2025.12.16.mr69973.1,CONNECTED,51,,0.0,0.0,20736.638671875,69323.453125,53.76704406738281,64,0.32301586866378784,False,,,,130.84136962890625,80.47259521484375,True,True,True,13,,,
2026-01-21T06:11:07.171181Z,ut00c88185-c110861b-985a3bce,CONNECTED,52,42186.30859375,31901.876953125,0.0,53.886959075927734,,0.0,131.533935546875,80.48912811279297,0.0,53.886959075927734,,,,13,mini1_prod2,2025.12.16.mr69973.1,False,False,False,False,False,False,False,True,False,False,False,False,False,False,False,False,False,False,False,False,"[None, None, None, None, None, None, None, None, None, None, None, None]","[None, None, None, None, None, None, None, None, None, None, None, None]",11.0,ut00c88185-c110861b-985a3bce,mini1_prod2,2025.12.16.mr69973.1,CONNECTED,52,,0.0,0.0,42186.30859375,31901.876953125,53.886959075927734,64,0.3227597177028656,False,,,,131.533935546875,80.48912811279297,True,True,True,13,,,
2026-01-21T06:11:07.830862Z,ut00c88185-c110861b-985a3bce,CONNECTED,53,42186.30859375,31901.876953125,0.0,53.96888732910156,,0.0,130.02267456054688,80.3421630859375,0.0,53.96888732910156,,,,13,mini1_prod2,2025.12.16.mr69973.1,False,False,False,False,False,False,False,True,False,False,False,False,False,False,False,False,False,False,False,False,"[None, None, None, None, None, None, None, None, None, None, None, None]","[None, None, None, None, None, None, None, None, None, None, None, None]",11.0,ut00c88185-c110861b-985a3bce,mini1_prod2,2025.12.16.mr69973.1,CONNECTED,53,,0.0,0.0,42186.30859375,31901.876953125,53.96888732910156,64,0.3227597177028656,False,,,,130.02267456054688,80.3421630859375,True,True,True,13,,,
2026-01-21T06:11:08.450125Z,ut00c88185-c110861b-985a3bce,CONNECTED,53,9210.69140625,51086.62109375,0.0,54.01930236816406,,0.0,130.5696563720703,80.3489990234375,0.0,54.01930236816406,,,,14,mini1_prod2,2025.12.16.mr69973.1,False,False,False,False,False,False,False,True,False,False,False,False,False,False,False,False,False,False,False,False,"[None, None, None, None, None, None, None, None, None, None, None, None]","[None, None, None, None, None, None, None, None, None, None, None, None]",12.0,ut00c88185-c110861b-985a3bce,mini1_prod2,2025.12.16.mr69973.1,CONNECTED,53,,0.0,0.0,9210.69140625,51086.62109375,54.01930236816406,64,0.3225039541721344,False,,,,130.5696563720703,80.3489990234375,True,True,True,14,,,
2026-01-21T06:11:09.072875Z,ut00c88185-c110861b-985a3bce,CONNECTED,54,15804.1376953125,41011.90625,0.0,54.09689712524414,,0.0,130.25497436523438,80.2353515625,0.0,54.09689712524414,,,,14,mini1_prod2,2025.12.16.mr69973.1,False,False,False,False,False,False,False,True,False,False,False,False,False,False,False,False,False,False,False,False,"[None, None, None, None, None, None, None, None, None, None, None, None]","[None, None, None, None, None, None, None, None, None, None, None, None]",12.0,ut00c88185-c110861b-985a3bce,mini1_prod2,2025.12.16.mr69973.1,CONNECTED,54,,0.0,0.0,15804.1376953125,41011.90625,54.09689712524414,64,0.3225039541721344,False,,,,130.25497436523438,80.2353515625,True,True,True,14,,,
2026-01-21T06:11:09.729717Z,ut00c88185-c110861b-985a3bce,CONNECTED,54,15804.1376953125,41011.90625,0.0,58.027671813964844,,0.0,176.41261291503906,80.1773681640625,0.0,58.027671813964844,,,,13,mini1_prod2,2025.12.16.mr69973.1,False,False,False,False,False,False,False,True,False,False,False,False,False,False,False,False,False,False,False,False,"[None, None, None, None, None, None, None, None, None, None, None, None]","[None, None, None, None, None, None, None, None, None, None, None, None]",13.0,ut00c88185-c110861b-985a3bce,mini1_prod2,2025.12.16.mr69973.1,CONNECTED,54,,0.0,0.0,15804.1376953125,41011.90625,58.027671813964844,64,0.3225039541721344,False,,,,176.41261291503906,80.1773681640625,True,True,True,13,,,
2026-01-21T06:11:10.352639Z,ut00c88185-c110861b-985a3bce,CONNECTED,55,24486.34765625,56237.2265625,0.0,57.07456588745117,,0.0,168.8267822265625,80.51322174072266,0.0,57.07456588745117,,,,13,mini1_prod2,2025.12.16.mr69973.1,False,False,False,False,False,False,False,True,False,False,False,False,False,False,False,False,False,False,False,False,"[None, None, None, None, None, None, None, None, None, None, None, None]","[None, None, None, None, None, None, None, None, None, None, None, None]",13.0,ut00c88185-c110861b-985a3bce,mini1_prod2,2025.12.16.mr69973.1,CONNECTED,55,,0.0,0.0,24486.34765625,56237.2265625,57.07456588745117,64,0.3219936788082123,False,,,,168.8267822265625,80.51322174072266,True,True,True,13,,,
2026-01-21T06:11:11.050006Z,ut00c88185-c110861b-985a3bce,CONNECTED,56,24486.34765625,56237.2265625,0.0,56.3011474609375,,0.0,167.82838439941406,80.52659606933594,0.0,56.3011474609375,,,,14,mini1_prod2,2025.12.16.mr69973.1,False,False,False,False,False,False,False,True,False,False,False,False,False,False,False,False,False,False,False,False,"[None, None, None, None, None, None, None, None, None, None, None, None]","[None, None, None, None, None, None, None, None, None, None, None, None]",13.0,ut00c88185-c110861b-985a3bce,mini1_prod2,2025.12.16.mr69973.1,CONNECTED,56,,0.0,0.0,24486.34765625,56237.2265625,56.3011474609375,64,0.3219936788082123,False,,,,167.82838439941406,80.52659606933594,True,True,True,14,,,
2026-01-21T06:11:11.671250Z,ut00c88185-c110861b-985a3bce,CONNECTED,56,70992.7890625,51103.3984375,0.05000000074505806,55.588565826416016,,0.0,167.71615600585938,80.51244354248047,0.05000000074505806,55.588565826416016,,,,14,mini1_prod2,2025.12.16.mr69973.1,False,False,False,False,False,False,False,True,False,False,False,False,False,False,False,False,False,False,False,False,"[None, None, None, None, None, None, None, None, None, None, None, None]","[None, None, None, None, None, None, None, None, None, None, None, None]",14.0,ut00c88185-c110861b-985a3bce,mini1_prod2,2025.12.16.mr69973.1,CONNECTED,56,,0.0,0.05000000074505806,70992.7890625,51103.3984375,55.588565826416016,64,0.321739137172699,False,,,,167.71615600585938,80.51244354248047,True,True,True,14,,,
2026-01-21T06:11:12.335254Z,ut00c88185-c110861b-985a3bce,CONNECTED,57,382428.25,311620.0,0.05000000074505806,54.90346908569336,,0.0,167.41189575195312,80.5035629272461,0.05000000074505806,54.90346908569336,,,,14,mini1_prod2,2025.12.16.mr69973.1,False,False,False,False,False,False,False,True,False,False,False,False,False,False,False,False,False,False,False,False,"[None, None, None, None, None, None, None, None, None, None, None, None]","[None, None, None, None, None, None, None, None, None, None, None, None]",15.0,ut00c88185-c110861b-985a3bce,mini1_prod2,2025.12.16.mr69973.1,CONNECTED,57,,0.0,0.05000000074505806,382428.25,311620.0,54.90346908569336,64,0.32176655530929565,False,,,,167.41189575195312,80.5035629272461,True,True,True,14,,,
2026-01-21T06:11:13.029980Z,ut00c88185-c110861b-985a3bce,CONNECTED,58,382428.25,311620.0,0.05000000074505806,54.401466369628906,,0.0,166.59031677246094,80.53292083740234,0.05000000074505806,54.401466369628906,,,,15,mini1_prod2,2025.12.16.mr69973.1,False,False,False,False,False,False,False,True,False,False,False,False,False,False,False,False,False,False,False,False,"[None, None, None, None, None, None, None, None, None, None, None, None]","[None, None, None, None, None, None, None, None, None, None, None, None]",15.0,ut00c88185-c110861b-985a3bce,mini1_prod2,2025.12.16.mr69973.1,CONNECTED,58,,0.0,0.05000000074505806,382428.25,311620.0,54.401466369628906,64,0.32176655530929565,False,,,,166.59031677246094,80.53292083740234,True,True,True,15,,,
2026-01-21T06:11:14.149914Z,ut00c88185-c110861b-985a3bce,CONNECTED,59,204874.96875,225016.015625,0.0,53.43050003051758,,0.0,164.6906280517578,80.60076904296875,0.0,53.43050003051758,,,,15,mini1_prod2,2025.12.16.mr69973.1,False,False,False,False,False,False,False,True,False,False,False,False,False,False,False,False,False,False,False,False,"[None, None, None, None, None, None, None, None, None, None, None, None]","[None, None, None, None, None, None, None, None, None, None, None, None]",17.0,ut00c88185-c110861b-985a3bce,mini1_prod2,2025.12.16.mr69973.1,CONNECTED,59,,0.0,0.0,204874.96875,225016.015625,53.43050003051758,64,0.32097792625427246,False,,,,164.6906280517578,80.60076904296875,True,True,True,15,,,
2026-01-21T06:11:14.770769Z,ut00c88185-c110861b-985a3bce,CONNECTED,60,204874.96875,225016.015625,0.0,52.82707977294922,,0.0,164.39974975585938,80.60932922363281,0.0,52.82707977294922,,,,15,mini1_prod2,2025.12.16.mr69973.1,False,False,False,False,False,False,False,True,False,False,False,False,False,False,False,False,False,False,False,False,"[None, None, None, None, None, None, None, None, None, None, None, None]","[None, None, None, None, None, None, None, None, None, None, None, None]",17.0,ut00c88185-c110861b-985a3bce,mini1_prod2,2025.12.16.mr69973.1,CONNECTED,60,,0.0,0.0,204874.96875,225016.015625,52.82707977294922,64,0.32097792625427246,False,,,,164.39974975585938,80.60932922363281,True,True,True,15,,,
2026-01-21T06:11:15.430357Z,ut00c88185-c110861b-985a3bce,CONNECTED,60,88961.1875,71898.7578125,0.0,52.27333068847656,,0.0,163.76434326171875,80.61771392822266,0.0,52.27333068847656,,,,15,mini1_prod2,2025.12.16.mr69973.1,False,False,False,False,False,False,False,True,False,False,False,False,False,False,False,False,False,False,False,False,"[None, None, None, None, None, None, None, None, None, None, None, None]","[None, None, None, None, None, None, None, None, None, None, None, None]",17.0,ut00c88185-c110861b-985a3bce,mini1_prod2,2025.12.16.mr69973.1,CONNECTED,60,,0.0,0.0,88961.1875,71898.7578125,52.27333068847656,64,0.32097792625427246,False,,,,163.76434326171875,80.61771392822266,True,True,True,15,,,
2026-01-21T06:11:16.050222Z,ut00c88185-c110861b-985a3bce,CONNECTED,61,88961.1875,71898.7578125,0.0,51.860897064208984,,0.0,163.2150421142578,80.6219482421875,0.0,51.860897064208984,,,,17,mini1_prod2,2025.12.16.mr69973.1,False,False,False,False,False,False,False,True,False,False,False,False,False,False,False,False,False,False,False,False,"[None, None, None, None, None, None, None, None, None, None, None, None]","[None, None, None, None, None, None, None, None, None, None, None, None]",17.0,ut00c88185-c110861b-985a3bce,mini1_prod2,2025.12.16.mr69973.1,CONNECTED,61,,0.0,0.0,88961.1875,71898.7578125,51.860897064208984,64,0.32097792625427246,False,,,,163.2150421142578,80.6219482421875,True,True,True,17,,,
2026-01-21T06:11:16.670804Z,ut00c88185-c110861b-985a3bce,CONNECTED,61,17721388.0,5688818.5,0.0,51.3454475402832,,0.0,162.94830322265625,80.61061096191406,0.0,51.3454475402832,,,,17,mini1_prod2,2025.12.16.mr69973.1,False,False,False,False,False,False,False,True,False,False,False,False,False,False,False,False,False,False,False,False,"[None, None, None, None, None, None, None, None, None, None, None, None]","[None, None, None, None, None, None, None, None, None, None, None, None]",18.0,ut00c88185-c110861b-985a3bce,mini1_prod2,2025.12.16.mr69973.1,CONNECTED,61,,0.0,0.0,17721388.0,5688818.5,51.3454475402832,64,0.32125985622406006,False,,,,162.94830322265625,80.61061096191406,True,True,True,17,,,
2026-01-21T06:11:17.332521Z,ut00c88185-c110861b-985a3bce,CONNECTED,62,17050198.0,4945277.5,0.0,50.55633544921875,,0.0,162.63038635253906,80.60396575927734,0.0,50.55633544921875,,,,17,mini1_prod2,2025.12.16.mr69973.1,False,False,False,False,False,False,False,True,False,False,False,False,False,False,False,False,False,False,False,False,"[None, None, None, None, None, None, None, None, None, None, None, None]","[None, None, None, None, None, None, None, None, None, None, None, None]",18.0,ut00c88185-c110861b-985a3bce,mini1_prod2,2025.12.16.mr69973.1,CONNECTED,62,,0.0,0.0,17050198.0,4945277.5,50.55633544921875,64,0.3217938542366028,False,,,,162.63038635253906,80.60396575927734,True,True,True,17,,,
2026-01-21T06:11:18.031113Z,ut00c88185-c110861b-985a3bce,CONNECTED,63,17050198.0,4945277.5,0.0,49.92558670043945,,0.0,162.66651916503906,80.556396484375,0.0,49.92558670043945,,,,17,mini1_prod2,2025.12.16.mr69973.1,False,False,False,False,False,False,False,True,False,False,False,False,False,False,False,False,False,False,False,False,"[None, None, None, None, None, None, None, None, None, None, None, None]","[None, None, None, None, None, None, None, None, None, None, None, None]",18.0,ut00c88185-c110861b-985a3bce,mini1_prod2,2025.12.16.mr69973.1,CONNECTED,63,,0.0,0.0,17050198.0,4945277.5,49.92558670043945,64,0.3217938542366028,False,,,,162.66651916503906,80.556396484375,True,True,True,17,,,
2026-01-21T06:11:18.649666Z,ut00c88185-c110861b-985a3bce,CONNECTED,63,20520330.0,3092720.5,0.0,49.103824615478516,,0.0,162.44070434570312,80.54341125488281,0.0,49.103824615478516,,,,17,mini1_prod2,2025.12.16.mr69973.1,False,False,False,False,False,False,False,True,False,False,False,False,False,False,False,False,False,False,False,False,"[None, None, None, None, None, None, None, None, None, None, None, None]","[None, None, None, None, None, None, None, None, None, None, None, None]",19.0,ut00c88185-c110861b-985a3bce,mini1_prod2,2025.12.16.mr69973.1,CONNECTED,63,,0.0,0.0,20520330.0,3092720.5,49.103824615478516,64,0.3207547068595886,False,,,,162.44070434570312,80.54341125488281,True,True,True,17,,,
2026-01-21T06:11:19.270902Z,ut00c88185-c110861b-985a3bce,CONNECTED,64,8090284.0,1827047.25,0.0,48.51434326171875,,0.0,162.0126953125,80.53713989257812,0.0,48.51434326171875,,,,17,mini1_prod2,2025.12.16.mr69973.1,False,False,False,False,False,False,False,True,False,False,False,False,False,False,False,False,False,False,False,False,"[None, None, None, None, None, None, None, None, None, None, None, None]","[None, None, None, None, None, None, None, None, None, None, None, None]",19.0,ut00c88185-c110861b-985a3bce,mini1_prod2,2025.12.16.mr69973.1,CONNECTED,64,,0.0,0.0,8090284.0,1827047.25,48.51434326171875,64,0.3212882876396179,False,,,,162.0126953125,80.53713989257812,True,True,True,17,,,
2026-01-21T06:11:19.930130Z,ut00c88185-c110861b-985a3bce,CONNECTED,65,8090284.0,1827047.25,0.0,47.81308364868164,,0.0,161.7230224609375,80.52471160888672,0.0,47.81308364868164,,,,17,mini1_prod2,2025.12.16.mr69973.1,False,False,False,False,False,False,False,True,False,False,False,False,False,False,False,False,False,False,False,False,"[None, None, None, None, None, None, None, None, None, None, None, None]","[None, None, None, None, None, None, None, None, None, None, None, None]",19.0,ut00c88185-c110861b-985a3bce,mini1_prod2,2025.12.16.mr69973.1,CONNECTED,65,,0.0,0.0,8090284.0,1827047.25,47.81308364868164,64,0.3212882876396179,False,,,,161.7230224609375,80.52471160888672,True,True,True,17,,,
2026-01-21T06:11:20.550438Z,ut00c88185-c110861b-985a3bce,CONNECTED,65,14409297.0,2074662.125,0.0,47.198081970214844,,0.0,161.65602111816406,80.48790740966797,0.0,47.198081970214844,,,,17,mini1_prod2,2025.12.16.mr69973.1,False,False,False,False,False,False,False,True,False,False,False,False,False,False,False,False,False,False,False,False,"[None, None, None, None, None, None, None, None, None, None, None, None]","[None, None, None, None, None, None, None, None, None, None, None, None]",19.0,ut00c88185-c110861b-985a3bce,mini1_prod2,2025.12.16.mr69973.1,CONNECTED,65,,0.0,0.0,14409297.0,2074662.125,47.198081970214844,64,0.3212882876396179,False,,,,161.65602111816406,80.48790740966797,True,True,True,17,,,
2026-01-21T06:11:21.171415Z,ut00c88185-c110861b-985a3bce,CONNECTED,66,14778295.0,2121093.0,0.0,46.59401321411133,,0.0,161.4676971435547,80.48297119140625,0.0,46.59401321411133,,,,17,mini1_prod2,2025.12.16.mr69973.1,False,False,False,False,False,False,False,True,False,False,False,False,False,False,False,False,False,False,False,False,"[None, None, None, None, None, None, None, None, None, None, None, None]","[None, None, None, None, None, None, None, None, None, None, None, None]",19.0,ut00c88185-c110861b-985a3bce,mini1_prod2,2025.12.16.mr69973.1,CONNECTED,66,,0.0,0.0,14778295.0,2121093.0,46.59401321411133,64,0.32182103395462036,False,,,,161.4676971435547,80.48297119140625,True,True,True,17,,,
2026-01-21T06:11:21.830400Z,ut00c88185-c110861b-985a3bce,CONNECTED,67,14778295.0,2121093.0,0.0,45.781436920166016,,0.0,161.29347229003906,80.45404052734375,0.0,45.781436920166016,,,,17,mini1_prod2,2025.12.16.mr69973.1,False,False,False,False,False,False,False,True,False,False,False,False,False,False,False,False,False,False,False,False,"[None, None, None, None, None, None, None, None, None, None, None, None]","[None, None, None, None, None, None, None, None, None, None, None, None]",19.0,ut00c88185-c110861b-985a3bce,mini1_prod2,2025.12.16.mr69973.1,CONNECTED,67,,0.0,0.0,14778295.0,2121093.0,45.781436920166016,64,0.32182103395462036,False,,,,161.29347229003906,80.45404052734375,True,True,True,17,,,
2026-01-21T06:11:22.449949Z,ut00c88185-c110861b-985a3bce,CONNECTED,67,8042536.0,818929.4375,0.0,45.14125442504883,,0.0,161.37718200683594,80.4395751953125,0.0,45.14125442504883,,,,18,mini1_prod2,2025.12.16.mr69973.1,False,False,False,False,False,False,False,True,False,False,False,False,False,False,False,False,False,False,False,False,"[None, None, None, None, None, None, None, None, None, None, None, None]","[None, None, None, None, None, None, None, None, None, None, None, None]",19.0,ut00c88185-c110861b-985a3bce,mini1_prod2,2025.12.16.mr69973.1,CONNECTED,67,,0.0,0.0,8042536.0,818929.4375,45.14125442504883,64,0.32156863808631897,False,,,,161.37718200683594,80.4395751953125,True,True,True,18,,,
2026-01-21T06:11:23.070989Z,ut00c88185-c110861b-985a3bce,CONNECTED,68,4677144.0,877565.8125,0.0,44.54000473022461,,0.0,161.25042724609375,80.42269897460938,0.0,44.54000473022461,,,,18,mini1_prod2,2025.12.16.mr69973.1,False,False,False,False,False,False,False,True,False,False,False,False,False,False,False,False,False,False,False,False,"[None, None, None, None, None, None, None, None, None, None, None, None]","[None, None, None, None, None, None, None, None, None, None, None, None]",19.0,ut00c88185-c110861b-985a3bce,mini1_prod2,2025.12.16.mr69973.1,CONNECTED,68,,0.0,0.0,4677144.0,877565.8125,44.54000473022461,64,0.32156863808631897,False,,,,161.25042724609375,80.42269897460938,True,True,True,18,,,
2026-01-21T06:11:23.750678Z,ut00c88185-c110861b-985a3bce,CONNECTED,68,4677144.0,877565.8125,0.0,44.03239059448242,,0.0,160.9146728515625,80.41984558105469,0.0,44.03239059448242,,,,17,mini1_prod2,2025.12.16.mr69973.1,False,False,False,False,False,False,False,True,False,False,False,False,False,False,False,False,False,False,False,False,"[None, None, None, None, None, None, None, None, None, None, None, None]","[None, None, None, None, None, None, None, None, None, None, None, None]",20.0,ut00c88185-c110861b-985a3bce,mini1_prod2,2025.12.16.mr69973.1,CONNECTED,68,,0.0,0.0,4677144.0,877565.8125,44.03239059448242,64,0.32131659984588623,False,,,,160.9146728515625,80.41984558105469,True,True,True,17,,,
2026-01-21T06:11:24.374628Z,ut00c88185-c110861b-985a3bce,CONNECTED,69,7057436.5,1546859.375,0.0,43.38283157348633,,0.0,160.69033813476562,80.41715240478516,0.0,43.38283157348633,,,,17,mini1_prod2,2025.12.16.mr69973.1,False,False,False,False,False,False,False,True,False,False,False,False,False,False,False,False,False,False,False,False,"[None, None, None, None, None, None, None, None, None, None, None, None]","[None, None, None, None, None, None, None, None, None, None, None, None]",20.0,ut00c88185-c110861b-985a3bce,mini1_prod2,2025.12.16.mr69973.1,CONNECTED,69,,0.0,0.0,7057436.5,1546859.375,43.38283157348633,64,0.3210650086402893,False,,,,160.69033813476562,80.41715240478516,True,True,True,17,,,
2026-01-21T06:11:25.030815Z,ut00c88185-c110861b-985a3bce,CONNECTED,70,7057436.5,1546859.375,0.0,39.791378021240234,,0.0,161.4700927734375,80.49883270263672,0.0,39.791378021240234,,,,17,mini1_prod2,2025.12.16.mr69973.1,False,False,False,False,False,False,False,True,False,False,False,False,False,False,False,False,False,False,False,False,"[None, None, None, None, None, None, None, None, None, None, None, None]","[None, None, None, None, None, None, None, None, None, None, None, None]",20.0,ut00c88185-c110861b-985a3bce,mini1_prod2,2025.12.16.mr69973.1,CONNECTED,70,,0.0,0.0,7057436.5,1546859.375,39.791378021240234,64,0.3210650086402893,False,,,,161.4700927734375,80.49883270263672,True,True,True,17,,,
2026-01-21T06:11:25.650743Z,ut00c88185-c110861b-985a3bce,CONNECTED,70,10738895.0,2006513.125,0.0,39.87543869018555,,0.0,162.22621154785156,80.63985443115234,0.0,39.87543869018555,,,,17,mini1_prod2,2025.12.16.mr69973.1,False,False,False,False,False,False,False,True,False,False,False,False,False,False,False,False,False,False,False,False,"[None, None, None, None, None, None, None, None, None, None, None, None]","[None, None, None, None, None, None, None, None, None, None, None, None]",21.0,ut00c88185-c110861b-985a3bce,mini1_prod2,2025.12.16.mr69973.1,CONNECTED,70,,0.0,0.0,10738895.0,2006513.125,39.87543869018555,64,0.32081377506256104,False,,,,162.22621154785156,80.63985443115234,True,True,True,17,,,
