timestamp,terminal_id,state,uptime,downlink_throughput_bps,uplink_throughput_bps,ping_drop_rate,ping_latency_ms,snr,seconds_to_first_nonempty_slot,azimuth,elevation,pop_ping_drop_rate,pop_ping_latency_ms,latitude,longitude,altitude,gps_sats,hardware_version,software_version,alerts.alert_motors_stuck,alerts.alert_thermal_throttle,alerts.alert_thermal_shutdown,alerts.alert_mast_not_near_vertical,alerts.alert_unexpected_location,alerts.alert_slow_ethernet_speeds,alerts.alert_slow_ethernet_speeds_100,alerts.alert_roaming,alerts.alert_install_pending,alerts.alert_is_heating,alerts.alert_power_supply_thermal_throttle,alerts.alert_is_power_save_idle,alerts.alert_dbf_telem_stale,alerts.alert_low_motor_current,alerts.alert_lower_signal_than_predicted,alerts.alert_obstruction_map_reset,alerts.alert_dish_water_detected,alerts.alert_router_water_detected,alerts.alert_upsu_router_port_slow,alerts.alert_no_ethernet_link,obstruction.wedges_fraction_obstructed[],obstruction.raw_wedges_fraction_obstructed[],obstruction.valid_s,raw_status.id,raw_status.hardware_version,raw_status.software_version,raw_status.state,raw_status.uptime,raw_status.snr,raw_status.seconds_to_first_nonempty_slot,raw_status.pop_ping_drop_rate,raw_status.downlink_throughput_bps,raw_status.uplink_throughput_bps,raw_status.pop_ping_latency_ms,raw_status.alerts,raw_status.fraction_obstructed,raw_status.currently_obstructed,raw_status.seconds_obstructed,raw_status.obstruction_duration,raw_status.obstruction_interval,raw_status.direction_azimuth,raw_status.direction_elevation,raw_status.is_snr_above_noise_floor,raw_status.gps_ready,raw_status.gps_enabled,raw_status.gps_sats,raw_location.latitude,raw_location.longitude,raw_location.altitude
2026-01-21T06:10:23.855572Z,ut00c88185-c110861b-985a3bce,CONNECTED,15735,100747.1796875,140064.59375,0.05000000074505806,207.95318603515625,,0.0,0.0,0.0,0.05000000074505806,207.95318603515625,,,,8,mini1_prod2,2025.12.30.mr70836,False,False,False,False,False,False,False,True,False,True,False,False,False,False,False,False,False,False,False,False,"[None, None, None, None, None, None, None, None, None, None, None, None]","[None, None, None, None, None, None, None, None, None, None, None, None]",2067.0,ut00c88185-c110861b-985a3bce,mini1_prod2,2025.12.30.mr70836,CONNECTED,15735,,0.0,0.05000000074505806,100747.1796875,140064.59375,207.95318603515625,320,0.3217938542366028,False,,5.094475269317627,382.3008728027344,0.0,0.0,False,True,True,8,,,
2026-01-21T06:10:24.555619Z,ut00c88185-c110861b-985a3bce,CONNECTED,15735,57671.6796875,61505.2734375,0.10000000149011612,207.95318603515625,,0.0,0.0,0.0,0.10000000149011612,207.95318603515625,,,,8,mini1_prod2,2025.12.30.mr70836,False,False,False,False,False,False,False,True,False,True,False,False,False,False,False,False,False,False,False,False,"[None, None, None, None, None, None, None, None, None, None, None, None]","[None, None, None, None, None, None, None, None, None, None, None, None]",2067.0,ut00c88185-c110861b-985a3bce,mini1_prod2,2025.12.30.mr70836,CONNECTED,15735,,0.0,0.10000000149011612,57671.6796875,61505.2734375,207.95318603515625,320,0.3217938542366028,False,,5.094475269317627,382.3008728027344,0.0,0.0,False,True,True,8,,,
2026-01-21T06:10:25.215151Z,ut00c88185-c110861b-985a3bce,SKY_SEARCH,15736,0.0,40860.91015625,0.0476190485060215,207.95318603515625,,0.0,0.0,0.0,0.0476190485060215,207.95318603515625,,,,8,mini1_prod2,2025.12.30.mr70836,False,False,False,False,False,False,False,True,False,True,False,False,False,False,False,False,False,False,False,False,"[None, None, None, None, None, None, None, None, None, None, None, None]","[None, None, None, None, None, None, None, None, None, None, None, None]",2067.0,ut00c88185-c110861b-985a3bce,mini1_prod2,2025.12.30.mr70836,SKY_SEARCH,15736,,0.0,0.0476190485060215,0.0,40860.91015625,207.95318603515625,320,0.3217938542366028,False,,5.094475269317627,382.3008728027344,0.0,0.0,False,True,True,8,,,
2026-01-21T06:10:25.835186Z,ut00c88185-c110861b-985a3bce,SKY_SEARCH,15737,0.0,40860.91015625,0.20000000298023224,207.95318603515625,,0.0,0.0,0.0,0.20000000298023224,207.95318603515625,,,,9,mini1_prod2,2025.12.30.mr70836,False,False,False,False,False,False,False,True,False,True,False,False,False,False,False,False,False,False,False,False,"[None, None, None, None, None, None, None, None, None, None, None, None]","[None, None, None, None, None, None, None, None, None, None, None, None]",2067.0,ut00c88185-c110861b-985a3bce,mini1_prod2,2025.12.30.mr70836,SKY_SEARCH,15737,,0.0,0.20000000298023224,0.0,40860.91015625,207.95318603515625,320,0.3217938542366028,False,,5.094475269317627,382.3008728027344,0.0,0.0,False,True,True,9,,,
2026-01-21T06:10:26.456037Z,ut00c88185-c110861b-985a3bce,SKY_SEARCH,15737,0.0,60632.859375,0.5,207.95318603515625,,0.0,0.0,0.0,0.5,207.95318603515625,,,,8,mini1_prod2,2025.12.30.mr70836,False,False,False,False,False,False,False,True,False,True,False,False,False,False,False,False,False,False,False,False,"[None, None, None, None, None, None, None, None, None, None, None, None]","[None, None, None, None, None, None, None, None, None, None, None, None]",2067.0,ut00c88185-c110861b-985a3bce,mini1_prod2,2025.12.30.mr70836,SKY_SEARCH,15737,,0.0,0.5,0.0,60632.859375,207.95318603515625,320,0.3217938542366028,False,,5.094475269317627,382.3008728027344,0.0,0.0,False,True,True,8,,,
2026-01-21T06:10:27.134456Z,ut00c88185-c110861b-985a3bce,SKY_SEARCH,15738,0.0,60632.859375,0.8500000238418579,207.95318603515625,,0.0,0.0,0.0,0.8500000238418579,207.95318603515625,,,,8,mini1_prod2,2025.12.30.mr70836,False,False,False,False,False,False,False,True,False,True,False,False,False,False,False,False,False,False,False,False,"[None, None, None, None, None, None, None, None, None, None, None, None]","[None, None, None, None, None, None, None, None, None, None, None, None]",2067.0,ut00c88185-c110861b-985a3bce,mini1_prod2,2025.12.30.mr70836,SKY_SEARCH,15738,,0.0,0.8500000238418579,0.0,60632.859375,207.95318603515625,320,0.3217938542366028,False,,5.094475269317627,382.3008728027344,0.0,0.0,False,True,True,8,,,
2026-01-21T06:10:27.756412Z,ut00c88185-c110861b-985a3bce,SKY_SEARCH,15739,0.0,60515.41796875,1.0,207.95318603515625,,0.0,0.0,0.0,1.0,207.95318603515625,,,,10,mini1_prod2,2025.12.30.mr70836,False,False,False,False,False,False,False,True,False,True,False,False,False,False,False,False,False,False,False,False,"[None, None, None, None, None, None, None, None, None, None, None, None]","[None, None, None, None, None, None, None, None, None, None, None, None]",2067.0,ut00c88185-c110861b-985a3bce,mini1_prod2,2025.12.30.mr70836,SKY_SEARCH,15739,,0.0,1.0,0.0,60515.41796875,207.95318603515625,320,0.3217938542366028,False,,5.094475269317627,382.3008728027344,0.0,0.0,False,True,True,10,,,
2026-01-21T06:10:28.414848Z,ut00c88185-c110861b-985a3bce,SKY_SEARCH,15739,0.0,71588.3828125,1.0,207.95318603515625,,0.0,0.0,0.0,1.0,207.95318603515625,,,,10,mini1_prod2,2025.12.30.mr70836,False,False,False,False,False,False,False,True,False,True,False,False,False,False,False,False,False,False,False,False,"[None, None, None, None, None, None, None, None, None, None, None, None]","[None, None, None, None, None, None, None, None, None, None, None, None]",2067.0,ut00c88185-c110861b-985a3bce,mini1_prod2,2025.12.30.mr70836,SKY_SEARCH,15739,,0.0,1.0,0.0,71588.3828125,207.95318603515625,320,0.3217938542366028,False,,5.094475269317627,382.3008728027344,0.0,0.0,False,True,True,10,,,
2026-01-21T06:10:29.061323Z,ut00c88185-c110861b-985a3bce,SKY_SEARCH,15740,0.0,71588.3828125,1.0,207.95318603515625,,0.0,0.0,0.0,1.0,207.95318603515625,,,,10,mini1_prod2,2025.12.30.mr70836,False,False,False,False,False,False,False,True,False,True,False,False,False,False,False,False,False,False,False,False,"[None, None, None, None, None, None, None, None, None, None, None, None]","[None, None, None, None, None, None, None, None, None, None, None, None]",2067.0,ut00c88185-c110861b-985a3bce,mini1_prod2,2025.12.30.mr70836,SKY_SEARCH,15740,,0.0,1.0,0.0,71588.3828125,207.95318603515625,320,0.3217938542366028,False,,5.094475269317627,382.3008728027344,0.0,0.0,False,True,True,10,,,
2026-01-21T06:10:29.715099Z,ut00c88185-c110861b-985a3bce,SKY_SEARCH,15740,0.0,53418.65625,1.0,207.95318603515625,,0.0,0.0,0.0,1.0,207.95318603515625,,,,11,mini1_prod2,2025.12.30.mr70836,False,False,False,False,False,False,False,True,False,True,False,False,False,False,False,False,False,False,False,False,"[None, None, None, None, None, None, None, None, None, None, None, None]","[None, None, None, None, None, None, None, None, None, None, None, None]",2067.0,ut00c88185-c110861b-985a3bce,mini1_prod2,2025.12.30.mr70836,SKY_SEARCH,15740,,0.0,1.0,0.0,53418.65625,207.95318603515625,320,0.3217938542366028,False,,5.094475269317627,382.3008728027344,0.0,0.0,False,True,True,11,,,
2026-01-21T06:10:30.335030Z,ut00c88185-c110861b-985a3bce,SKY_SEARCH,15741,0.0,124252.0625,1.0,207.95318603515625,,0.0,0.0,0.0,1.0,207.95318603515625,,,,8,mini1_prod2,2025.12.30.mr70836,False,False,False,False,False,False,False,True,False,True,False,False,False,False,False,False,False,False,False,False,"[None, None, None, None, None, None, None, None, None, None, None, None]","[None, None, None, None, None, None, None, None, None, None, None, None]",2067.0,ut00c88185-c110861b-985a3bce,mini1_prod2,2025.12.30.mr70836,SKY_SEARCH,15741,,0.0,1.0,0.0,124252.0625,207.95318603515625,320,0.3217938542366028,False,,5.094475269317627,382.3008728027344,0.0,0.0,False,True,True,8,,,
2026-01-21T06:10:30.980736Z,ut00c88185-c110861b-985a3bce,SKY_SEARCH,15742,0.0,124252.0625,1.0,207.95318603515625,,0.0,0.0,0.0,1.0,207.95318603515625,,,,8,mini1_prod2,2025.12.30.mr70836,False,False,False,False,False,False,False,True,False,True,False,False,False,False,False,False,False,False,False,False,"[None, None, None, None, None, None, None, None, None, None, None, None]","[None, None, None, None, None, None, None, None, None, None, None, None]",2067.0,ut00c88185-c110861b-985a3bce,mini1_prod2,2025.12.30.mr70836,SKY_SEARCH,15742,,0.0,1.0,0.0,124252.0625,207.95318603515625,320,0.3217938542366028,False,,5.094475269317627,382.3008728027344,0.0,0.0,False,True,True,8,,,
