timestamp,terminal_id,state,uptime,downlink_throughput_bps,uplink_throughput_bps,ping_drop_rate,ping_latency_ms,snr,seconds_to_first_nonempty_slot,azimuth,elevation,pop_ping_drop_rate,pop_ping_latency_ms,latitude,longitude,altitude,gps_sats,hardware_version,software_version,alerts.alert_motors_stuck,alerts.alert_thermal_throttle,alerts.alert_thermal_shutdown,alerts.alert_mast_not_near_vertical,alerts.alert_unexpected_location,alerts.alert_slow_ethernet_speeds,alerts.alert_slow_ethernet_speeds_100,alerts.alert_roaming,alerts.alert_install_pending,alerts.alert_is_heating,alerts.alert_power_supply_thermal_throttle,alerts.alert_is_power_save_idle,alerts.alert_dbf_telem_stale,alerts.alert_low_motor_current,alerts.alert_lower_signal_than_predicted,alerts.alert_obstruction_map_reset,alerts.alert_dish_water_detected,alerts.alert_router_water_detected,alerts.alert_upsu_router_port_slow,alerts.alert_no_ethernet_link,obstruction.wedges_fraction_obstructed[],obstruction.raw_wedges_fraction_obstructed[],obstruction.valid_s,raw_status.id,raw_status.hardware_version,raw_status.software_version,raw_status.state,raw_status.uptime,raw_status.snr,raw_status.seconds_to_first_nonempty_slot,raw_status.pop_ping_drop_rate,raw_status.downlink_throughput_bps,raw_status.uplink_throughput_bps,raw_status.pop_ping_latency_ms,raw_status.alerts,raw_status.fraction_obstructed,raw_status.currently_obstructed,raw_status.seconds_obstructed,raw_status.obstruction_duration,raw_status.obstruction_interval,raw_status.direction_azimuth,raw_status.direction_elevation,raw_status.is_snr_above_noise_floor,raw_status.gps_ready,raw_status.gps_enabled,raw_status.gps_sats,raw_location.latitude,raw_location.longitude,raw_location.altitude
2026-01-21T06:48:49.467823Z,ut00c88185-c110861b-985a3bce,BOOTING,48,0.0,11173.6259765625,1.0,-1.0,,-1.0,0.0,0.0,1.0,-1.0,,,,20,mini1_prod2,2026.01.09.cr71553,False,False,False,False,False,False,False,False,False,False,False,False,False,False,False,False,False,False,False,False,"[None, None, None, None, None, None, None, None, None, None, None, None]","[None, None, None, None, None, None, None, None, None, None, None, None]",0.0,ut00c88185-c110861b-985a3bce,mini1_prod2,2026.01.09.cr71553,BOOTING,48,,-1.0,1.0,0.0,11173.6259765625,-1.0,0,0.0,False,,,,0.0,0.0,True,True,True,20,,,
2026-01-21T06:48:50.087549Z,ut00c88185-c110861b-985a3bce,BOOTING,48,0.0,52076.4765625,1.0,-1.0,,-1.0,0.0,0.0,1.0,-1.0,,,,20,mini1_prod2,2026.01.09.cr71553,False,False,False,False,False,False,False,False,False,False,False,False,False,False,False,False,False,False,False,False,"[None, None, None, None, None, None, None, None, None, None, None, None]","[None, None, None, None, None, None, None, None, None, None, None, None]",0.0,ut00c88185-c110861b-985a3bce,mini1_prod2,2026.01.09.cr71553,BOOTING,48,,-1.0,1.0,0.0,52076.4765625,-1.0,0,0.0,False,,,,0.0,0.0,True,True,True,20,,,
2026-01-21T06:48:50.708041Z,ut00c88185-c110861b-985a3bce,BOOTING,49,0.0,52076.4765625,1.0,-1.0,,-1.0,0.0,0.0,1.0,-1.0,,,,18,mini1_prod2,2026.01.09.cr71553,False,False,False,False,False,False,False,False,False,False,False,False,False,False,False,False,False,False,False,False,"[None, None, None, None, None, None, None, None, None, None, None, None]","[None, None, None, None, None, None, None, None, None, None, None, None]",0.0,ut00c88185-c110861b-985a3bce,mini1_prod2,2026.01.09.cr71553,BOOTING,49,,-1.0,1.0,0.0,52076.4765625,-1.0,0,0.0,False,,,,0.0,0.0,True,True,True,18,,,
2026-01-21T06:48:51.329365Z,ut00c88185-c110861b-985a3bce,BOOTING,49,10359.9306640625,42823.84375,1.0,-1.0,,-1.0,0.0,0.0,1.0,-1.0,,,,18,mini1_prod2,2026.01.09.cr71553,False,False,False,False,False,False,False,False,False,False,False,False,False,False,False,False,False,False,False,False,"[None, None, None, None, None, None, None, None, None, None, None, None]","[None, None, None, None, None, None, None, None, None, None, None, None]",0.0,ut00c88185-c110861b-985a3bce,mini1_prod2,2026.01.09.cr71553,BOOTING,49,,-1.0,1.0,10359.9306640625,42823.84375,-1.0,0,0.0,False,,,,0.0,0.0,True,True,True,18,,,
2026-01-21T06:48:51.948579Z,ut00c88185-c110861b-985a3bce,BOOTING,50,25425.87109375,41506.83203125,1.0,-1.0,,-1.0,0.0,0.0,1.0,-1.0,,,,17,mini1_prod2,2026.01.09.cr71553,False,False,False,False,False,False,False,False,False,False,False,False,False,False,False,False,False,False,False,False,"[None, None, None, None, None, None, None, None, None, None, None, None]","[None, None, None, None, None, None, None, None, None, None, None, None]",0.0,ut00c88185-c110861b-985a3bce,mini1_prod2,2026.01.09.cr71553,BOOTING,50,,-1.0,1.0,25425.87109375,41506.83203125,-1.0,0,0.0,False,,,,0.0,0.0,True,True,True,17,,,
2026-01-21T06:48:52.607608Z,ut00c88185-c110861b-985a3bce,BOOTING,51,25425.87109375,41506.83203125,1.0,-1.0,,-1.0,0.0,0.0,1.0,-1.0,,,,18,mini1_prod2,2026.01.09.cr71553,False,False,False,False,False,False,False,False,False,False,False,False,False,False,False,False,False,False,False,False,"[None, None, None, None, None, None, None, None, None, None, None, None]","[None, None, None, None, None, None, None, None, None, None, None, None]",0.0,ut00c88185-c110861b-985a3bce,mini1_prod2,2026.01.09.cr71553,BOOTING,51,,-1.0,1.0,25425.87109375,41506.83203125,-1.0,0,0.0,False,,,,0.0,0.0,True,True,True,18,,,
2026-01-21T06:48:53.229437Z,ut00c88185-c110861b-985a3bce,BOOTING,51,130619.015625,50977.5703125,1.0,-1.0,,-1.0,0.0,0.0,1.0,-1.0,,,,18,mini1_prod2,2026.01.09.cr71553,False,False,False,False,False,False,False,False,False,False,False,False,False,False,False,False,False,False,False,False,"[None, None, None, None, None, None, None, None, None, None, None, None]","[None, None, None, None, None, None, None, None, None, None, None, None]",0.0,ut00c88185-c110861b-985a3bce,mini1_prod2,2026.01.09.cr71553,BOOTING,51,,-1.0,1.0,130619.015625,50977.5703125,-1.0,0,0.0,False,,,,0.0,0.0,True,True,True,18,,,
2026-01-21T06:48:53.929943Z,ut00c88185-c110861b-985a3bce,BOOTING,52,64063.80078125,29980.884765625,1.0,-1.0,,-1.0,0.0,0.0,1.0,-1.0,,,,17,mini1_prod2,2026.01.09.cr71553,False,False,False,False,False,False,False,False,False,False,False,False,False,False,False,False,False,False,False,False,"[None, None, None, None, None, None, None, None, None, None, None, None]","[None, None, None, None, None, None, None, None, None, None, None, None]",0.0,ut00c88185-c110861b-985a3bce,mini1_prod2,2026.01.09.cr71553,BOOTING,52,,-1.0,1.0,64063.80078125,29980.884765625,-1.0,0,0.0,False,,,,0.0,0.0,True,True,True,17,,,
2026-01-21T06:48:54.548582Z,ut00c88185-c110861b-985a3bce,BOOTING,53,64063.80078125,29980.884765625,1.0,-1.0,,-1.0,0.0,0.0,1.0,-1.0,,,,18,mini1_prod2,2026.01.09.cr71553,False,False,False,False,False,False,False,False,False,False,False,False,False,False,False,False,False,False,False,False,"[None, None, None, None, None, None, None, None, None, None, None, None]","[None, None, None, None, None, None, None, None, None, None, None, None]",0.0,ut00c88185-c110861b-985a3bce,mini1_prod2,2026.01.09.cr71553,BOOTING,53,,-1.0,1.0,64063.80078125,29980.884765625,-1.0,0,0.0,False,,,,0.0,0.0,True,True,True,18,,,
2026-01-21T06:48:55.208399Z,ut00c88185-c110861b-985a3bce,BOOTING,53,1642137.125,57696.84765625,1.0,-1.0,,-1.0,0.0,0.0,1.0,-1.0,,,,18,mini1_prod2,2026.01.09.cr71553,False,False,False,False,False,False,False,False,False,False,False,False,False,False,False,False,False,False,False,False,"[None, None, None, None, None, None, None, None, None, None, None, None]","[None, None, None, None, None, None, None, None, None, None, None, None]",0.0,ut00c88185-c110861b-985a3bce,mini1_prod2,2026.01.09.cr71553,BOOTING,53,,-1.0,1.0,1642137.125,57696.84765625,-1.0,0,0.0,False,,,,0.0,0.0,True,True,True,18,,,
2026-01-21T06:48:55.829654Z,ut00c88185-c110861b-985a3bce,BOOTING,54,1642137.125,57696.84765625,1.0,-1.0,,-1.0,0.0,0.0,1.0,-1.0,,,,17,mini1_prod2,2026.01.09.cr71553,False,False,False,False,False,False,False,False,False,False,False,False,False,False,False,False,False,False,False,False,"[None, None, None, None, None, None, None, None, None, None, None, None]","[None, None, None, None, None, None, None, None, None, None, None, None]",0.0,ut00c88185-c110861b-985a3bce,mini1_prod2,2026.01.09.cr71553,BOOTING,54,,-1.0,1.0,1642137.125,57696.84765625,-1.0,0,0.0,False,,,,0.0,0.0,True,True,True,17,,,
2026-01-21T06:48:56.448335Z,ut00c88185-c110861b-985a3bce,BOOTING,55,351818.21875,32187.08984375,1.0,-1.0,,-1.0,0.0,0.0,1.0,-1.0,,,,20,mini1_prod2,2026.01.09.cr71553,False,False,False,False,False,False,False,False,False,False,False,False,False,False,False,False,False,False,False,False,"[None, None, None, None, None, None, None, None, None, None, None, None]","[None, None, None, None, None, None, None, None, None, None, None, None]",0.0,ut00c88185-c110861b-985a3bce,mini1_prod2,2026.01.09.cr71553,BOOTING,55,,-1.0,1.0,351818.21875,32187.08984375,-1.0,0,0.0,False,,,,0.0,0.0,True,True,True,20,,,
2026-01-21T06:48:57.108193Z,ut00c88185-c110861b-985a3bce,BOOTING,55,1140.8507080078125,51573.16015625,1.0,-1.0,,-1.0,0.0,0.0,1.0,-1.0,,,,20,mini1_prod2,2026.01.09.cr71553,False,False,False,False,False,False,False,False,False,False,False,False,False,False,False,False,False,False,False,False,"[None, None, None, None, None, None, None, None, None, None, None, None]","[None, None, None, None, None, None, None, None, None, None, None, None]",0.0,ut00c88185-c110861b-985a3bce,mini1_prod2,2026.01.09.cr71553,BOOTING,55,,-1.0,1.0,1140.8507080078125,51573.16015625,-1.0,0,0.0,False,,,,0.0,0.0,True,True,True,20,,,
2026-01-21T06:48:57.748313Z,ut00c88185-c110861b-985a3bce,BOOTING,56,1140.8507080078125,51573.16015625,1.0,-1.0,,-1.0,0.0,0.0,1.0,-1.0,,,,18,mini1_prod2,2026.01.09.cr71553,False,False,False,False,False,False,False,False,False,False,False,False,False,False,False,False,False,False,False,False,"[None, None, None, None, None, None, None, None, None, None, None, None]","[None, None, None, None, None, None, None, None, None, None, None, None]",0.0,ut00c88185-c110861b-985a3bce,mini1_prod2,2026.01.09.cr71553,BOOTING,56,,-1.0,1.0,1140.8507080078125,51573.16015625,-1.0,0,0.0,False,,,,0.0,0.0,True,True,True,18,,,
2026-01-21T06:48:58.407614Z,ut00c88185-c110861b-985a3bce,BOOTING,56,536.8709106445312,39359.34765625,1.0,-1.0,,-1.0,0.0,0.0,1.0,-1.0,,,,18,mini1_prod2,2026.01.09.cr71553,False,False,False,False,False,False,False,False,False,False,False,False,False,False,False,False,False,False,False,False,"[None, None, None, None, None, None, None, None, None, None, None, None]","[None, None, None, None, None, None, None, None, None, None, None, None]",0.0,ut00c88185-c110861b-985a3bce,mini1_prod2,2026.01.09.cr71553,BOOTING,56,,-1.0,1.0,536.8709106445312,39359.34765625,-1.0,0,0.0,False,,,,0.0,0.0,True,True,True,18,,,
2026-01-21T06:48:59.028917Z,ut00c88185-c110861b-985a3bce,BOOTING,57,90630.5234375,44090.5234375,1.0,-1.0,,-1.0,0.0,0.0,1.0,-1.0,,,,17,mini1_prod2,2026.01.09.cr71553,False,False,False,False,False,False,False,False,False,False,False,False,False,False,False,False,False,False,False,False,"[None, None, None, None, None, None, None, None, None, None, None, None]","[None, None, None, None, None, None, None, None, None, None, None, None]",0.0,ut00c88185-c110861b-985a3bce,mini1_prod2,2026.01.09.cr71553,BOOTING,57,,-1.0,1.0,90630.5234375,44090.5234375,-1.0,0,0.0,False,,,,0.0,0.0,True,True,True,17,,,
2026-01-21T06:48:59.668761Z,ut00c88185-c110861b-985a3bce,BOOTING,58,90630.5234375,44090.5234375,1.0,-1.0,,0.0,0.0,0.0,1.0,-1.0,,,,17,mini1_prod2,2026.01.09.cr71553,False,False,False,False,False,False,False,False,False,False,False,False,False,False,False,False,False,False,False,False,"[None, None, None, None, None, None, None, None, None, None, None, None]","[None, None, None, None, None, None, None, None, None, None, None, None]",0.0,ut00c88185-c110861b-985a3bce,mini1_prod2,2026.01.09.cr71553,BOOTING,58,,0.0,1.0,90630.5234375,44090.5234375,-1.0,0,0.0,False,,,,0.0,0.0,True,True,True,17,,,
2026-01-21T06:49:00.330057Z,ut00c88185-c110861b-985a3bce,BOOTING,58,112893.8828125,50331.6484375,1.0,-1.0,,0.0,0.0,0.0,1.0,-1.0,,,,17,mini1_prod2,2026.01.09.cr71553,False,False,False,False,False,False,False,False,False,False,False,False,False,False,False,False,False,False,False,False,"[None, None, None, None, None, None, None, None, None, None, None, None]","[None, None, None, None, None, None, None, None, None, None, None, None]",0.0,ut00c88185-c110861b-985a3bce,mini1_prod2,2026.01.09.cr71553,BOOTING,58,,0.0,1.0,112893.8828125,50331.6484375,-1.0,0,0.0,False,,,,0.0,0.0,True,True,True,17,,,
2026-01-21T06:49:00.948279Z,ut00c88185-c110861b-985a3bce,BOOTING,59,4580.18017578125,32774.29296875,1.0,-1.0,,0.0,0.0,0.0,1.0,-1.0,,,,17,mini1_prod2,2026.01.09.cr71553,False,False,False,False,False,False,False,False,False,False,False,False,False,False,False,False,False,False,False,False,"[None, None, None, None, None, None, None, None, None, None, None, None]","[None, None, None, None, None, None, None, None, None, None, None, None]",0.0,ut00c88185-c110861b-985a3bce,mini1_prod2,2026.01.09.cr71553,BOOTING,59,,0.0,1.0,4580.18017578125,32774.29296875,-1.0,0,0.0,False,,,,0.0,0.0,True,True,True,17,,,
2026-01-21T06:49:01.629394Z,ut00c88185-c110861b-985a3bce,BOOTING,60,4580.18017578125,32774.29296875,1.0,-1.0,,0.0,0.0,0.0,1.0,-1.0,,,,16,mini1_prod2,2026.01.09.cr71553,False,False,False,False,False,False,False,False,False,False,False,False,False,False,False,False,False,False,False,False,"[None, None, None, None, None, None, None, None, None, None, None, None]","[None, None, None, None, None, None, None, None, None, None, None, None]",0.0,ut00c88185-c110861b-985a3bce,mini1_prod2,2026.01.09.cr71553,BOOTING,60,,0.0,1.0,4580.18017578125,32774.29296875,-1.0,0,0.0,False,,,,0.0,0.0,True,True,True,16,,,
2026-01-21T06:49:02.254811Z,ut00c88185-c110861b-985a3bce,BOOTING,60,6257.9013671875,53703.8671875,1.0,-1.0,,0.0,0.0,0.0,1.0,-1.0,,,,16,mini1_prod2,2026.01.09.cr71553,False,False,False,False,False,False,False,True,False,False,False,False,False,False,False,False,False,False,False,False,"[None, None, None, None, None, None, None, None, None, None, None, None]","[None, None, None, None, None, None, None, None, None, None, None, None]",0.0,ut00c88185-c110861b-985a3bce,mini1_prod2,2026.01.09.cr71553,BOOTING,60,,0.0,1.0,6257.9013671875,53703.8671875,-1.0,64,0.0,False,,,,0.0,0.0,True,True,True,16,,,
2026-01-21T06:49:02.907880Z,ut00c88185-c110861b-985a3bce,BOOTING,61,2139.094970703125,30861.689453125,1.0,-1.0,,0.0,0.0,0.0,1.0,-1.0,,,,16,mini1_prod2,2026.01.09.cr71553,False,False,False,False,False,False,False,True,False,False,False,False,False,False,False,False,False,False,False,False,"[None, None, None, None, None, None, None, None, None, None, None, None]","[None, None, None, None, None, None, None, None, None, None, None, None]",0.0,ut00c88185-c110861b-985a3bce,mini1_prod2,2026.01.09.cr71553,BOOTING,61,,0.0,1.0,2139.094970703125,30861.689453125,-1.0,64,0.0,False,,,,0.0,0.0,True,True,True,16,,,
2026-01-21T06:49:03.528765Z,ut00c88185-c110861b-985a3bce,BOOTING,62,2139.094970703125,30861.689453125,1.0,-1.0,,0.0,0.0,0.0,1.0,-1.0,,,,18,mini1_prod2,2026.01.09.cr71553,False,False,False,False,False,False,False,True,False,False,False,False,False,False,False,False,False,False,False,False,"[None, None, None, None, None, None, None, None, None, None, None, None]","[None, None, None, None, None, None, None, None, None, None, None, None]",0.0,ut00c88185-c110861b-985a3bce,mini1_prod2,2026.01.09.cr71553,BOOTING,62,,0.0,1.0,2139.094970703125,30861.689453125,-1.0,64,0.0,False,,,,0.0,0.0,True,True,True,18,,,
2026-01-21T06:49:04.148523Z,ut00c88185-c110861b-985a3bce,BOOTING,62,0.0,54920.21484375,1.0,-1.0,,0.0,0.0,0.0,1.0,-1.0,,,,18,mini1_prod2,2026.01.09.cr71553,False,False,False,False,False,False,False,True,False,False,False,False,False,False,False,False,False,False,False,False,"[None, None, None, None, None, None, None, None, None, None, None, None]","[None, None, None, None, None, None, None, None, None, None, None, None]",0.0,ut00c88185-c110861b-985a3bce,mini1_prod2,2026.01.09.cr71553,BOOTING,62,,0.0,1.0,0.0,54920.21484375,-1.0,64,0.0,False,,,,0.0,0.0,True,True,True,18,,,
2026-01-21T06:49:04.829821Z,ut00c88185-c110861b-985a3bce,BOOTING,63,0.0,54920.21484375,1.0,-1.0,,0.0,0.0,0.0,1.0,-1.0,,,,18,mini1_prod2,2026.01.09.cr71553,False,False,False,False,False,False,False,True,False,False,False,False,False,False,False,False,False,False,False,False,"[None, None, None, None, None, None, None, None, None, None, None, None]","[None, None, None, None, None, None, None, None, None, None, None, None]",0.0,ut00c88185-c110861b-985a3bce,mini1_prod2,2026.01.09.cr71553,BOOTING,63,,0.0,1.0,0.0,54920.21484375,-1.0,64,0.0,False,,,,0.0,0.0,True,True,True,18,,,
2026-01-21T06:49:05.448306Z,ut00c88185-c110861b-985a3bce,BOOTING,64,0.0,33898.36328125,1.0,-1.0,,0.0,0.0,0.0,1.0,-1.0,,,,17,mini1_prod2,2026.01.09.cr71553,False,False,False,False,False,False,False,True,False,False,False,False,False,False,False,False,False,False,False,False,"[None, None, None, None, None, None, None, None, None, None, None, None]","[None, None, None, None, None, None, None, None, None, None, None, None]",0.0,ut00c88185-c110861b-985a3bce,mini1_prod2,2026.01.09.cr71553,BOOTING,64,,0.0,1.0,0.0,33898.36328125,-1.0,64,0.0,False,,,,0.0,0.0,True,True,True,17,,,
2026-01-21T06:49:06.107803Z,ut00c88185-c110861b-985a3bce,BOOTING,64,0.0,50918.8515625,1.0,-1.0,,0.0,0.0,0.0,1.0,-1.0,,,,17,mini1_prod2,2026.01.09.cr71553,False,False,False,False,False,False,False,True,False,False,False,False,False,False,False,False,False,False,False,False,"[None, None, None, None, None, None, None, None, None, None, None, None]","[None, None, None, None, None, None, None, None, None, None, None, None]",0.0,ut00c88185-c110861b-985a3bce,mini1_prod2,2026.01.09.cr71553,BOOTING,64,,0.0,1.0,0.0,50918.8515625,-1.0,64,0.0,False,,,,0.0,0.0,True,True,True,17,,,
2026-01-21T06:49:06.748644Z,ut00c88185-c110861b-985a3bce,BOOTING,65,0.0,50918.8515625,1.0,-1.0,,0.0,0.0,0.0,1.0,-1.0,,,,18,mini1_prod2,2026.01.09.cr71553,False,False,False,False,False,False,False,True,False,False,False,False,False,False,False,False,False,False,False,False,"[None, None, None, None, None, None, None, None, None, None, None, None]","[None, None, None, None, None, None, None, None, None, None, None, None]",0.0,ut00c88185-c110861b-985a3bce,mini1_prod2,2026.01.09.cr71553,BOOTING,65,,0.0,1.0,0.0,50918.8515625,-1.0,64,0.0,False,,,,0.0,0.0,True,True,True,18,,,
2026-01-21T06:49:07.407756Z,ut00c88185-c110861b-985a3bce,BOOTING,65,0.0,64692.9453125,1.0,-1.0,,0.0,0.0,0.0,1.0,-1.0,,,,18,mini1_prod2,2026.01.09.cr71553,False,False,False,False,False,False,False,True,False,False,False,False,False,False,False,False,False,False,False,False,"[None, None, None, None, None, None, None, None, None, None, None, None]","[None, None, None, None, None, None, None, None, None, None, None, None]",0.0,ut00c88185-c110861b-985a3bce,mini1_prod2,2026.01.09.cr71553,BOOTING,65,,0.0,1.0,0.0,64692.9453125,-1.0,64,0.0,False,,,,0.0,0.0,True,True,True,18,,,
2026-01-21T06:49:08.049657Z,ut00c88185-c110861b-985a3bce,BOOTING,66,0.0,50868.51953125,1.0,-1.0,,0.0,-119.82764434814453,88.0704345703125,1.0,-1.0,,,,18,mini1_prod2,2026.01.09.cr71553,False,False,False,False,False,False,False,True,False,False,False,False,False,False,False,False,False,False,False,False,"[None, None, None, None, None, None, None, None, None, None, None, None]","[None, None, None, None, None, None, None, None, None, None, None, None]",0.0,ut00c88185-c110861b-985a3bce,mini1_prod2,2026.01.09.cr71553,BOOTING,66,,0.0,1.0,0.0,50868.51953125,-1.0,64,0.0,False,,,,-119.82764434814453,88.0704345703125,True,True,True,18,,,
2026-01-21T06:49:08.708590Z,ut00c88185-c110861b-985a3bce,BOOTING,67,0.0,50868.51953125,1.0,-1.0,,0.0,176.64280700683594,86.29196166992188,1.0,-1.0,,,,18,mini1_prod2,2026.01.09.cr71553,False,False,False,False,False,False,False,True,False,False,False,False,False,False,False,False,False,False,False,False,"[None, None, None, None, None, None, None, None, None, None, None, None]","[None, None, None, None, None, None, None, None, None, None, None, None]",0.0,ut00c88185-c110861b-985a3bce,mini1_prod2,2026.01.09.cr71553,BOOTING,67,,0.0,1.0,0.0,50868.51953125,-1.0,64,0.0,False,,,,176.64280700683594,86.29196166992188,True,True,True,18,,,
2026-01-21T06:49:09.329584Z,ut00c88185-c110861b-985a3bce,BOOTING,67,0.0,42530.2421875,1.0,33.640499114990234,,0.0,-106.19009399414062,88.62263488769531,1.0,33.640499114990234,,,,18,mini1_prod2,2026.01.09.cr71553,False,False,False,False,False,False,False,True,False,False,False,False,False,False,False,False,False,False,False,False,"[None, None, None, None, None, None, None, None, None, None, None, None]","[None, None, None, None, None, None, None, None, None, None, None, None]",0.0,ut00c88185-c110861b-985a3bce,mini1_prod2,2026.01.09.cr71553,BOOTING,67,,0.0,1.0,0.0,42530.2421875,33.640499114990234,64,0.0,False,,,,-106.19009399414062,88.62263488769531,True,True,True,18,,,
2026-01-21T06:49:09.948919Z,ut00c88185-c110861b-985a3bce,CONNECTED,68,21558.72265625,40391.1484375,1.0,35.87950134277344,,0.0,-177.96002197265625,86.9391860961914,1.0,35.87950134277344,,,,18,mini1_prod2,2026.01.09.cr71553,False,False,False,False,False,False,False,True,False,False,False,False,False,False,False,False,False,False,False,False,"[None, None, None, None, None, None, None, None, None, None, None, None]","[None, None, None, None, None, None, None, None, None, None, None, None]",1.0,ut00c88185-c110861b-985a3bce,mini1_prod2,2026.01.09.cr71553,CONNECTED,68,,0.0,1.0,21558.72265625,40391.1484375,35.87950134277344,64,0.0,False,,,,-177.96002197265625,86.9391860961914,True,True,True,18,,,
2026-01-21T06:49:10.607945Z,ut00c88185-c110861b-985a3bce,CONNECTED,69,21558.72265625,40391.1484375,1.0,37.67259979248047,,0.0,-175.0845947265625,87.17347717285156,1.0,37.67259979248047,,,,18,mini1_prod2,2026.01.09.cr71553,False,False,False,False,False,False,False,True,False,False,False,False,False,False,False,False,False,False,False,False,"[None, None, None, None, None, None, None, None, None, None, None, None]","[None, None, None, None, None, None, None, None, None, None, None, None]",1.0,ut00c88185-c110861b-985a3bce,mini1_prod2,2026.01.09.cr71553,CONNECTED,69,,0.0,1.0,21558.72265625,40391.1484375,37.67259979248047,64,0.0,False,,,,-175.0845947265625,87.17347717285156,True,True,True,18,,,
2026-01-21T06:49:11.229362Z,ut00c88185-c110861b-985a3bce,CONNECTED,69,19612.56640625,52613.34765625,0.0,38.727046966552734,,0.0,-105.1423110961914,88.51895141601562,0.0,38.727046966552734,,,,18,mini1_prod2,2026.01.09.cr71553,False,False,False,False,False,False,False,True,False,False,False,False,False,False,False,False,False,False,False,False,"[None, None, None, None, None, None, None, None, None, None, None, None]","[None, None, None, None, None, None, None, None, None, None, None, None]",2.0,ut00c88185-c110861b-985a3bce,mini1_prod2,2026.01.09.cr71553,CONNECTED,69,,0.0,0.0,19612.56640625,52613.34765625,38.727046966552734,64,0.0,False,,,,-105.1423110961914,88.51895141601562,True,True,True,18,,,
2026-01-21T06:49:11.868786Z,ut00c88185-c110861b-985a3bce,CONNECTED,70,13723.7626953125,35995.515625,0.0,39.64152145385742,,0.0,-101.30818939208984,88.39478302001953,0.0,39.64152145385742,,,,17,mini1_prod2,2026.01.09.cr71553,False,False,False,False,False,False,False,True,False,False,False,False,False,False,False,False,False,False,False,False,"[None, None, None, None, None, None, None, None, None, None, None, None]","[None, None, None, None, None, None, None, None, None, None, None, None]",3.0,ut00c88185-c110861b-985a3bce,mini1_prod2,2026.01.09.cr71553,CONNECTED,70,,0.0,0.0,13723.7626953125,35995.515625,39.64152145385742,64,0.0,False,,,,-101.30818939208984,88.39478302001953,True,True,True,17,,,
2026-01-21T06:49:12.529188Z,ut00c88185-c110861b-985a3bce,CONNECTED,71,13723.7626953125,35995.515625,0.0,39.12529373168945,,0.0,-109.31629180908203,88.34669494628906,0.0,39.12529373168945,,,,16,mini1_prod2,2026.01.09.cr71553,False,False,False,False,False,False,False,True,False,False,False,False,False,False,False,False,False,False,False,False,"[None, None, None, None, None, None, None, None, None, None, None, None]","[None, None, None, None, None, None, None, None, None, None, None, None]",3.0,ut00c88185-c110861b-985a3bce,mini1_prod2,2026.01.09.cr71553,CONNECTED,71,,0.0,0.0,13723.7626953125,35995.515625,39.12529373168945,64,0.0,False,,,,-109.31629180908203,88.34669494628906,True,True,True,16,,,
2026-01-21T06:49:13.129811Z,ut00c88185-c110861b-985a3bce,CONNECTED,71,50868.51953125,77871.4453125,0.0,41.021148681640625,,0.0,-142.64752197265625,88.12747955322266,0.0,41.021148681640625,,,,16,mini1_prod2,2026.01.09.cr71553,False,False,False,False,False,False,False,True,False,False,False,False,False,False,False,False,False,False,False,False,"[None, None, None, None, None, None, None, None, None, None, None, None]","[None, None, None, None, None, None, None, None, None, None, None, None]",4.0,ut00c88185-c110861b-985a3bce,mini1_prod2,2026.01.09.cr71553,CONNECTED,71,,0.0,0.0,50868.51953125,77871.4453125,41.021148681640625,64,0.0,False,,,,-142.64752197265625,88.12747955322266,True,True,True,16,,,
2026-01-21T06:49:13.808422Z,ut00c88185-c110861b-985a3bce,CONNECTED,72,50868.51953125,77871.4453125,0.0,41.7396354675293,,0.0,-152.89291381835938,87.85234832763672,0.0,41.7396354675293,,,,18,mini1_prod2,2026.01.09.cr71553,False,False,False,False,False,False,False,True,False,False,False,False,False,False,False,False,False,False,False,False,"[None, None, None, None, None, None, None, None, None, None, None, None]","[None, None, None, None, None, None, None, None, None, None, None, None]",5.0,ut00c88185-c110861b-985a3bce,mini1_prod2,2026.01.09.cr71553,CONNECTED,72,,0.0,0.0,50868.51953125,77871.4453125,41.7396354675293,64,0.0,False,,,,-152.89291381835938,87.85234832763672,True,True,True,18,,,
2026-01-21T06:49:14.429807Z,ut00c88185-c110861b-985a3bce,CONNECTED,73,114261.2265625,40626.02734375,0.0,42.66624450683594,,0.0,-136.04954528808594,88.12103271484375,0.0,42.66624450683594,,,,17,mini1_prod2,2026.01.09.cr71553,False,False,False,False,False,False,False,True,False,False,False,False,False,False,False,False,False,False,False,False,"[None, None, None, None, None, None, None, None, None, None, None, None]","[None, None, None, None, None, None, None, None, None, None, None, None]",5.0,ut00c88185-c110861b-985a3bce,mini1_prod2,2026.01.09.cr71553,CONNECTED,73,,0.0,0.0,114261.2265625,40626.02734375,42.66624450683594,64,0.0,False,,,,-136.04954528808594,88.12103271484375,True,True,True,17,,,
2026-01-21T06:49:15.049306Z,ut00c88185-c110861b-985a3bce,CONNECTED,73,9437.18359375,57176.75390625,0.0,43.71956253051758,,0.0,-145.60215759277344,87.9481201171875,0.0,43.71956253051758,,,,17,mini1_prod2,2026.01.09.cr71553,False,False,False,False,False,False,False,True,False,False,False,False,False,False,False,False,False,False,False,False,"[None, None, None, None, None, None, None, None, None, None, None, None]","[None, None, None, None, None, None, None, None, None, None, None, None]",6.0,ut00c88185-c110861b-985a3bce,mini1_prod2,2026.01.09.cr71553,CONNECTED,73,,0.0,0.0,9437.18359375,57176.75390625,43.71956253051758,64,0.0,False,,,,-145.60215759277344,87.9481201171875,True,True,True,17,,,
2026-01-21T06:49:15.729353Z,ut00c88185-c110861b-985a3bce,CONNECTED,74,9437.18359375,57176.75390625,0.0,45.29462814331055,,0.0,-147.9847412109375,88.04216003417969,0.0,45.29462814331055,,,,17,mini1_prod2,2026.01.09.cr71553,False,False,False,False,False,False,False,True,False,False,False,False,False,False,False,False,False,False,False,False,"[None, None, None, None, None, None, None, None, None, None, None, None]","[None, None, None, None, None, None, None, None, None, None, None, None]",6.0,ut00c88185-c110861b-985a3bce,mini1_prod2,2026.01.09.cr71553,CONNECTED,74,,0.0,0.0,9437.18359375,57176.75390625,45.29462814331055,64,0.0,False,,,,-147.9847412109375,88.04216003417969,True,True,True,17,,,
2026-01-21T06:49:16.350065Z,ut00c88185-c110861b-985a3bce,CONNECTED,74,5905.580078125,46489.6640625,0.0,46.24340057373047,,0.0,-159.70083618164062,87.82343292236328,0.0,46.24340057373047,,,,17,mini1_prod2,2026.01.09.cr71553,False,False,False,False,False,False,False,True,False,False,False,False,False,False,False,False,False,False,False,False,"[None, None, None, None, None, None, None, None, None, None, None, None]","[None, None, None, None, None, None, None, None, None, None, None, None]",7.0,ut00c88185-c110861b-985a3bce,mini1_prod2,2026.01.09.cr71553,CONNECTED,74,,0.0,0.0,5905.580078125,46489.6640625,46.24340057373047,64,0.0,False,,,,-159.70083618164062,87.82343292236328,True,True,True,17,,,
2026-01-21T06:49:17.008072Z,ut00c88185-c110861b-985a3bce,CONNECTED,75,18119.392578125,49291.4609375,0.0,47.08116149902344,,0.0,-163.3720245361328,87.82518005371094,0.0,47.08116149902344,,,,19,mini1_prod2,2026.01.09.cr71553,False,False,False,False,False,False,False,True,False,False,False,False,False,False,False,False,False,False,False,False,"[None, None, None, None, None, None, None, None, None, None, None, None]","[None, None, None, None, None, None, None, None, None, None, None, None]",8.0,ut00c88185-c110861b-985a3bce,mini1_prod2,2026.01.09.cr71553,CONNECTED,75,,0.0,0.0,18119.392578125,49291.4609375,47.08116149902344,64,0.0,False,,,,-163.3720245361328,87.82518005371094,True,True,True,19,,,
2026-01-21T06:49:17.629995Z,ut00c88185-c110861b-985a3bce,CONNECTED,76,18119.392578125,49291.4609375,0.0,47.577457427978516,,0.0,-163.9550323486328,87.87307739257812,0.0,47.577457427978516,,,,20,mini1_prod2,2026.01.09.cr71553,False,False,False,False,False,False,False,True,False,False,False,False,False,False,False,False,False,False,False,False,"[None, None, None, None, None, None, None, None, None, None, None, None]","[None, None, None, None, None, None, None, None, None, None, None, None]",8.0,ut00c88185-c110861b-985a3bce,mini1_prod2,2026.01.09.cr71553,CONNECTED,76,,0.0,0.0,18119.392578125,49291.4609375,47.577457427978516,64,0.0,False,,,,-163.9550323486328,87.87307739257812,True,True,True,20,,,
2026-01-21T06:49:18.808723Z,ut00c88185-c110861b-985a3bce,CONNECTED,77,107374.1796875,63468.20703125,0.0,46.39278030395508,,0.0,-172.21221923828125,87.31959533691406,0.0,46.39278030395508,,,,18,mini1_prod2,2026.01.09.cr71553,False,False,False,False,False,False,False,True,False,False,False,False,False,False,False,False,False,False,False,False,"[None, None, None, None, None, None, None, None, None, None, None, None]","[None, None, None, None, None, None, None, None, None, None, None, None]",10.0,ut00c88185-c110861b-985a3bce,mini1_prod2,2026.01.09.cr71553,CONNECTED,77,,0.0,0.0,107374.1796875,63468.20703125,46.39278030395508,64,0.0,False,,,,-172.21221923828125,87.31959533691406,True,True,True,18,,,
2026-01-21T06:49:19.430085Z,ut00c88185-c110861b-985a3bce,CONNECTED,78,927629.0625,30475.8125,0.0,46.08963394165039,,0.0,-177.17510986328125,86.57421875,0.0,46.08963394165039,,,,18,mini1_prod2,2026.01.09.cr71553,False,False,False,False,False,False,False,True,False,False,False,False,False,False,False,False,False,False,False,False,"[None, None, None, None, None, None, None, None, None, None, None, None]","[None, None, None, None, None, None, None, None, None, None, None, None]",10.0,ut00c88185-c110861b-985a3bce,mini1_prod2,2026.01.09.cr71553,CONNECTED,78,,0.0,0.0,927629.0625,30475.8125,46.08963394165039,64,0.0,False,,,,-177.17510986328125,86.57421875,True,True,True,18,,,
2026-01-21T06:49:20.049509Z,ut00c88185-c110861b-985a3bce,CONNECTED,78,1338486.25,90345.3046875,0.0,46.21887969970703,,0.0,179.62774658203125,86.16984558105469,0.0,46.21887969970703,,,,18,mini1_prod2,2026.01.09.cr71553,False,False,False,False,False,False,False,True,False,False,False,False,False,False,False,False,False,False,False,False,"[None, None, None, None, None, None, None, None, None, None, None, None]","[None, None, None, None, None, None, None, None, None, None, None, None]",11.0,ut00c88185-c110861b-985a3bce,mini1_prod2,2026.01.09.cr71553,CONNECTED,78,,0.0,0.0,1338486.25,90345.3046875,46.21887969970703,64,0.0,False,,,,179.62774658203125,86.16984558105469,True,True,True,18,,,
2026-01-21T06:49:20.708739Z,ut00c88185-c110861b-985a3bce,CONNECTED,79,1338486.25,90345.3046875,0.0,45.98509979248047,,0.0,177.17022705078125,86.57211303710938,0.0,45.98509979248047,,,,17,mini1_prod2,2026.01.09.cr71553,False,False,False,False,False,False,False,True,False,False,False,False,False,False,False,False,False,False,False,False,"[None, None, None, None, None, None, None, None, None, None, None, None]","[None, None, None, None, None, None, None, None, None, None, None, None]",11.0,ut00c88185-c110861b-985a3bce,mini1_prod2,2026.01.09.cr71553,CONNECTED,79,,0.0,0.0,1338486.25,90345.3046875,45.98509979248047,64,0.0,False,,,,177.17022705078125,86.57211303710938,True,True,True,17,,,
2026-01-21T06:49:21.350382Z,ut00c88185-c110861b-985a3bce,CONNECTED,79,1371554.125,208205.25,0.0,45.84372329711914,,0.0,175.18333435058594,86.9697036743164,0.0,45.84372329711914,,,,17,mini1_prod2,2026.01.09.cr71553,False,False,False,False,False,False,False,True,False,False,False,False,False,False,False,False,False,False,False,False,"[None, None, None, None, None, None, None, None, None, None, None, None]","[None, None, None, None, None, None, None, None, None, None, None, None]",12.0,ut00c88185-c110861b-985a3bce,mini1_prod2,2026.01.09.cr71553,CONNECTED,79,,0.0,0.0,1371554.125,208205.25,45.84372329711914,64,0.0,False,,,,175.18333435058594,86.9697036743164,True,True,True,17,,,
2026-01-21T06:49:22.008414Z,ut00c88185-c110861b-985a3bce,CONNECTED,80,1224434.75,161287.765625,0.0,45.52720642089844,,0.0,171.55979919433594,86.259521484375,0.0,45.52720642089844,,,,18,mini1_prod2,2026.01.09.cr71553,False,False,False,False,False,False,False,True,False,False,False,False,False,False,False,False,False,False,False,False,"[None, None, None, None, None, None, None, None, None, None, None, None]","[None, None, None, None, None, None, None, None, None, None, None, None]",13.0,ut00c88185-c110861b-985a3bce,mini1_prod2,2026.01.09.cr71553,CONNECTED,80,,0.0,0.0,1224434.75,161287.765625,45.52720642089844,64,0.0,False,,,,171.55979919433594,86.259521484375,True,True,True,18,,,
2026-01-21T06:49:22.629788Z,ut00c88185-c110861b-985a3bce,CONNECTED,81,1224434.75,161287.765625,0.0,45.268943786621094,,0.0,170.79238891601562,85.3368148803711,0.0,45.268943786621094,,,,17,mini1_prod2,2026.01.09.cr71553,False,False,False,False,False,False,False,True,False,False,False,False,False,False,False,False,False,False,False,False,"[None, None, None, None, None, None, None, None, None, None, None, None]","[None, None, None, None, None, None, None, None, None, None, None, None]",13.0,ut00c88185-c110861b-985a3bce,mini1_prod2,2026.01.09.cr71553,CONNECTED,81,,0.0,0.0,1224434.75,161287.765625,45.268943786621094,64,0.0,False,,,,170.79238891601562,85.3368148803711,True,True,True,17,,,
2026-01-21T06:49:23.249776Z,ut00c88185-c110861b-985a3bce,CONNECTED,81,1290528.625,87442.8515625,0.0,44.742679595947266,,0.0,170.76412963867188,85.65359497070312,0.0,44.742679595947266,,,,17,mini1_prod2,2026.01.09.cr71553,False,False,False,False,False,False,False,True,False,False,False,False,False,False,False,False,False,False,False,False,"[None, None, None, None, None, None, None, None, None, None, None, None]","[None, None, None, None, None, None, None, None, None, None, None, None]",14.0,ut00c88185-c110861b-985a3bce,mini1_prod2,2026.01.09.cr71553,CONNECTED,81,,0.0,0.0,1290528.625,87442.8515625,44.742679595947266,64,0.0,False,,,,170.76412963867188,85.65359497070312,True,True,True,17,,,
2026-01-21T06:49:23.910001Z,ut00c88185-c110861b-985a3bce,CONNECTED,82,1360531.5,129167.7890625,0.0,44.376014709472656,,0.0,170.28817749023438,85.69377899169922,0.0,44.376014709472656,,,,16,mini1_prod2,2026.01.09.cr71553,False,False,False,False,False,False,False,True,False,False,False,False,False,False,False,False,False,False,False,False,"[None, None, None, None, None, None, None, None, None, None, None, None]","[None, None, None, None, None, None, None, None, None, None, None, None]",15.0,ut00c88185-c110861b-985a3bce,mini1_prod2,2026.01.09.cr71553,CONNECTED,82,,0.0,0.0,1360531.5,129167.7890625,44.376014709472656,64,0.0,False,,,,170.28817749023438,85.69377899169922,True,True,True,16,,,
2026-01-21T06:49:24.529618Z,ut00c88185-c110861b-985a3bce,CONNECTED,83,1360531.5,129167.7890625,0.0,44.303367614746094,,0.0,168.86236572265625,85.57310485839844,0.0,44.303367614746094,,,,17,mini1_prod2,2026.01.09.cr71553,False,False,False,False,False,False,False,True,False,False,False,False,False,False,False,False,False,False,False,False,"[None, None, None, None, None, None, None, None, None, None, None, None]","[None, None, None, None, None, None, None, None, None, None, None, None]",15.0,ut00c88185-c110861b-985a3bce,mini1_prod2,2026.01.09.cr71553,CONNECTED,83,,0.0,0.0,1360531.5,129167.7890625,44.303367614746094,64,0.0,False,,,,168.86236572265625,85.57310485839844,True,True,True,17,,,
2026-01-21T06:49:25.149470Z,ut00c88185-c110861b-985a3bce,CONNECTED,83,1311307.25,150105.75,0.0,44.2025032043457,,0.0,168.2354278564453,85.39728546142578,0.0,44.2025032043457,,,,17,mini1_prod2,2026.01.09.cr71553,False,False,False,False,False,False,False,True,False,False,False,False,False,False,False,False,False,False,False,False,"[None, None, None, None, None, None, None, None, None, None, None, None]","[None, None, None, None, None, None, None, None, None, None, None, None]",16.0,ut00c88185-c110861b-985a3bce,mini1_prod2,2026.01.09.cr71553,CONNECTED,83,,0.0,0.0,1311307.25,150105.75,44.2025032043457,64,0.0,False,,,,168.2354278564453,85.39728546142578,True,True,True,17,,,
2026-01-21T06:49:25.829783Z,ut00c88185-c110861b-985a3bce,CONNECTED,84,1311307.25,150105.75,0.0,44.124237060546875,,0.0,167.56884765625,85.37366485595703,0.0,44.124237060546875,,,,16,mini1_prod2,2026.01.09.cr71553,False,False,False,False,False,False,False,True,False,False,False,False,False,False,False,False,False,False,False,False,"[None, None, None, None, None, None, None, None, None, None, None, None]","[None, None, None, None, None, None, None, None, None, None, None, None]",17.0,ut00c88185-c110861b-985a3bce,mini1_prod2,2026.01.09.cr71553,CONNECTED,84,,0.0,0.0,1311307.25,150105.75,44.124237060546875,64,0.0,False,,,,167.56884765625,85.37366485595703,True,True,True,16,,,
2026-01-21T06:49:26.449215Z,ut00c88185-c110861b-985a3bce,CONNECTED,85,1283012.375,57705.234375,0.0,43.936004638671875,,0.0,166.63641357421875,85.3458023071289,0.0,43.936004638671875,,,,16,mini1_prod2,2026.01.09.cr71553,False,False,False,False,False,False,False,True,False,False,False,False,False,False,False,False,False,False,False,False,"[None, None, None, None, None, None, None, None, None, None, None, None]","[None, None, None, None, None, None, None, None, None, None, None, None]",17.0,ut00c88185-c110861b-985a3bce,mini1_prod2,2026.01.09.cr71553,CONNECTED,85,,0.0,0.0,1283012.375,57705.234375,43.936004638671875,64,0.0,False,,,,166.63641357421875,85.3458023071289,True,True,True,16,,,
2026-01-21T06:49:27.108385Z,ut00c88185-c110861b-985a3bce,CONNECTED,85,1046613.0625,58393.1015625,0.0,43.8145637512207,,0.0,166.42941284179688,85.45033264160156,0.0,43.8145637512207,,,,16,mini1_prod2,2026.01.09.cr71553,False,False,False,False,False,False,False,True,False,False,False,False,False,False,False,False,False,False,False,False,"[None, None, None, None, None, None, None, None, None, None, None, None]","[None, None, None, None, None, None, None, None, None, None, None, None]",18.0,ut00c88185-c110861b-985a3bce,mini1_prod2,2026.01.09.cr71553,CONNECTED,85,,0.0,0.0,1046613.0625,58393.1015625,43.8145637512207,64,0.0,False,,,,166.42941284179688,85.45033264160156,True,True,True,16,,,
2026-01-21T06:49:27.749592Z,ut00c88185-c110861b-985a3bce,CONNECTED,86,1046613.0625,58393.1015625,0.0,43.67115783691406,,0.0,165.766357421875,85.19375610351562,0.0,43.67115783691406,,,,17,mini1_prod2,2026.01.09.cr71553,False,False,False,False,False,False,False,True,False,False,False,False,False,False,False,False,False,False,False,False,"[None, None, None, None, None, None, None, None, None, None, None, None]","[None, None, None, None, None, None, None, None, None, None, None, None]",18.0,ut00c88185-c110861b-985a3bce,mini1_prod2,2026.01.09.cr71553,CONNECTED,86,,0.0,0.0,1046613.0625,58393.1015625,43.67115783691406,64,0.0,False,,,,165.766357421875,85.19375610351562,True,True,True,17,,,
2026-01-21T06:49:28.409344Z,ut00c88185-c110861b-985a3bce,CONNECTED,86,1189999.5,38897.9765625,0.0,43.430721282958984,,0.0,165.26063537597656,85.10750579833984,0.0,43.430721282958984,,,,17,mini1_prod2,2026.01.09.cr71553,False,False,False,False,False,False,False,True,False,False,False,False,False,False,False,False,False,False,False,False,"[None, None, None, None, None, None, None, None, None, None, None, None]","[None, None, None, None, None, None, None, None, None, None, None, None]",19.0,ut00c88185-c110861b-985a3bce,mini1_prod2,2026.01.09.cr71553,CONNECTED,86,,0.0,0.0,1189999.5,38897.9765625,43.430721282958984,64,0.0,False,,,,165.26063537597656,85.10750579833984,True,True,True,17,,,
2026-01-21T06:49:29.029698Z,ut00c88185-c110861b-985a3bce,CONNECTED,87,1266705.0,338438.375,0.0,43.03982162475586,,0.0,164.5271453857422,84.77545166015625,0.0,43.03982162475586,,,,17,mini1_prod2,2026.01.09.cr71553,False,False,False,False,False,False,False,True,False,False,False,False,False,False,False,False,False,False,False,False,"[None, None, None, None, None, None, None, None, None, None, None, None]","[None, None, None, None, None, None, None, None, None, None, None, None]",20.0,ut00c88185-c110861b-985a3bce,mini1_prod2,2026.01.09.cr71553,CONNECTED,87,,0.0,0.0,1266705.0,338438.375,43.03982162475586,64,0.0,False,,,,164.5271453857422,84.77545166015625,True,True,True,17,,,
2026-01-21T06:49:29.666926Z,ut00c88185-c110861b-985a3bce,CONNECTED,88,1266705.0,338438.375,0.0,42.74654006958008,,0.0,164.1143341064453,84.6147689819336,0.0,42.74654006958008,,,,17,mini1_prod2,2026.01.09.cr71553,False,False,False,False,False,False,False,True,False,False,False,False,False,False,False,False,False,False,False,False,"[None, None, None, None, None, None, None, None, None, None, None, None]","[None, None, None, None, None, None, None, None, None, None, None, None]",20.0,ut00c88185-c110861b-985a3bce,mini1_prod2,2026.01.09.cr71553,CONNECTED,88,,0.0,0.0,1266705.0,338438.375,42.74654006958008,64,0.0,False,,,,164.1143341064453,84.6147689819336,True,True,True,17,,,
2026-01-21T06:49:30.329646Z,ut00c88185-c110861b-985a3bce,CONNECTED,88,1233653.875,137430.5625,0.0,42.087406158447266,,0.0,163.34178161621094,84.33074951171875,0.0,42.087406158447266,,,,17,mini1_prod2,2026.01.09.cr71553,False,False,False,False,False,False,False,True,False,False,False,False,False,False,False,False,False,False,False,False,"[None, None, None, None, None, None, None, None, None, None, None, None]","[None, None, None, None, None, None, None, None, None, None, None, None]",21.0,ut00c88185-c110861b-985a3bce,mini1_prod2,2026.01.09.cr71553,CONNECTED,88,,0.0,0.0,1233653.875,137430.5625,42.087406158447266,64,0.0,False,,,,163.34178161621094,84.33074951171875,True,True,True,17,,,
2026-01-21T06:49:30.948986Z,ut00c88185-c110861b-985a3bce,CONNECTED,89,1247335.625,115720.84375,0.0,41.27049255371094,,0.0,163.24610900878906,84.70050811767578,0.0,41.27049255371094,,,,19,mini1_prod2,2026.01.09.cr71553,False,False,False,False,False,False,False,True,False,False,False,False,False,False,False,False,False,False,False,False,"[None, None, None, None, None, None, None, None, None, None, None, None]","[None, None, None, None, None, None, None, None, None, None, None, None]",22.0,ut00c88185-c110861b-985a3bce,mini1_prod2,2026.01.09.cr71553,CONNECTED,89,,0.0,0.0,1247335.625,115720.84375,41.27049255371094,64,0.0,False,,,,163.24610900878906,84.70050811767578,True,True,True,19,,,
2026-01-21T06:49:31.608312Z,ut00c88185-c110861b-985a3bce,CONNECTED,90,1247335.625,115720.84375,0.0,40.61058044433594,,0.0,162.72756958007812,84.57795715332031,0.0,40.61058044433594,,,,18,mini1_prod2,2026.01.09.cr71553,False,False,False,False,False,False,False,True,False,False,False,False,False,False,False,False,False,False,False,False,"[None, None, None, None, None, None, None, None, None, None, None, None]","[None, None, None, None, None, None, None, None, None, None, None, None]",22.0,ut00c88185-c110861b-985a3bce,mini1_prod2,2026.01.09.cr71553,CONNECTED,90,,0.0,0.0,1247335.625,115720.84375,40.61058044433594,64,0.0,False,,,,162.72756958007812,84.57795715332031,True,True,True,18,,,
2026-01-21T06:49:32.229347Z,ut00c88185-c110861b-985a3bce,CONNECTED,90,1236128.5,111232.9453125,0.0,39.85089874267578,,0.0,162.1240997314453,85.16732788085938,0.0,39.85089874267578,,,,18,mini1_prod2,2026.01.09.cr71553,False,False,False,False,False,False,False,True,False,False,False,False,False,False,False,False,False,False,False,False,"[None, None, None, None, None, None, None, None, None, None, None, None]","[None, None, None, None, None, None, None, None, None, None, None, None]",23.0,ut00c88185-c110861b-985a3bce,mini1_prod2,2026.01.09.cr71553,CONNECTED,90,,0.0,0.0,1236128.5,111232.9453125,39.85089874267578,64,0.0,False,,,,162.1240997314453,85.16732788085938,True,True,True,18,,,
2026-01-21T06:49:32.849209Z,ut00c88185-c110861b-985a3bce,CONNECTED,91,267722.4375,88944.4140625,0.0,42.295753479003906,,0.0,165.9537353515625,81.32640838623047,0.0,42.295753479003906,,,,19,mini1_prod2,2026.01.09.cr71553,False,False,False,False,False,False,False,True,False,False,False,False,False,False,False,False,False,False,False,False,"[None, None, None, None, None, None, None, None, None, None, None, None]","[None, None, None, None, None, None, None, None, None, None, None, None]",23.0,ut00c88185-c110861b-985a3bce,mini1_prod2,2026.01.09.cr71553,CONNECTED,91,,0.0,0.0,267722.4375,88944.4140625,42.295753479003906,64,0.0,False,,,,165.9537353515625,81.32640838623047,True,True,True,19,,,
2026-01-21T06:49:33.508455Z,ut00c88185-c110861b-985a3bce,CONNECTED,92,267722.4375,88944.4140625,0.0,42.92731857299805,,0.0,166.2540283203125,80.88951110839844,0.0,42.92731857299805,,,,19,mini1_prod2,2026.01.09.cr71553,False,False,False,False,False,False,False,True,False,False,False,False,False,False,False,False,False,False,False,False,"[None, None, None, None, None, None, None, None, None, None, None, None]","[None, None, None, None, None, None, None, None, None, None, None, None]",23.0,ut00c88185-c110861b-985a3bce,mini1_prod2,2026.01.09.cr71553,CONNECTED,92,,0.0,0.0,267722.4375,88944.4140625,42.92731857299805,64,0.0,False,,,,166.2540283203125,80.88951110839844,True,True,True,19,,,
2026-01-21T06:49:34.130012Z,ut00c88185-c110861b-985a3bce,CONNECTED,92,2216966.5,169290.5,0.0,43.35072326660156,,0.0,166.52882385253906,80.82205963134766,0.0,43.35072326660156,,,,19,mini1_prod2,2026.01.09.cr71553,False,False,False,False,False,False,False,True,False,False,False,False,False,False,False,False,False,False,False,False,"[None, None, None, None, None, None, None, None, None, None, None, None]","[None, None, None, None, None, None, None, None, None, None, None, None]",24.0,ut00c88185-c110861b-985a3bce,mini1_prod2,2026.01.09.cr71553,CONNECTED,92,,0.0,0.0,2216966.5,169290.5,43.35072326660156,64,0.0,False,,,,166.52882385253906,80.82205963134766,True,True,True,19,,,
2026-01-21T06:49:34.808373Z,ut00c88185-c110861b-985a3bce,CONNECTED,93,2216966.5,169290.5,0.05000000074505806,43.93434524536133,,0.0,166.8218231201172,80.72045135498047,0.05000000074505806,43.93434524536133,,,,18,mini1_prod2,2026.01.09.cr71553,False,False,False,False,False,False,False,True,False,False,False,False,False,False,False,False,False,False,False,False,"[None, None, None, None, None, None, None, None, None, None, None, None]","[None, None, None, None, None, None, None, None, None, None, None, None]",25.0,ut00c88185-c110861b-985a3bce,mini1_prod2,2026.01.09.cr71553,CONNECTED,93,,0.0,0.05000000074505806,2216966.5,169290.5,43.93434524536133,64,0.0,False,,,,166.8218231201172,80.72045135498047,True,True,True,18,,,
2026-01-21T06:49:35.429778Z,ut00c88185-c110861b-985a3bce,CONNECTED,94,1061813.25,76915.1484375,0.05000000074505806,44.45881652832031,,0.0,167.10440063476562,80.76854705810547,0.05000000074505806,44.45881652832031,,,,19,mini1_prod2,2026.01.09.cr71553,False,False,False,False,False,False,False,True,False,False,False,False,False,False,False,False,False,False,False,False,"[None, None, None, None, None, None, None, None, None, None, None, None]","[None, None, None, None, None, None, None, None, None, None, None, None]",25.0,ut00c88185-c110861b-985a3bce,mini1_prod2,2026.01.09.cr71553,CONNECTED,94,,0.0,0.05000000074505806,1061813.25,76915.1484375,44.45881652832031,64,0.0,False,,,,167.10440063476562,80.76854705810547,True,True,True,19,,,
2026-01-21T06:49:36.049718Z,ut00c88185-c110861b-985a3bce,CONNECTED,94,1222195.0,96217.3359375,0.0476190485060215,45.00255584716797,,0.0,167.23199462890625,80.78987121582031,0.0476190485060215,45.00255584716797,,,,19,mini1_prod2,2026.01.09.cr71553,False,False,False,False,False,False,False,True,False,False,False,False,False,False,False,False,False,False,False,False,"[None, None, None, None, None, None, None, None, None, None, None, None]","[None, None, None, None, None, None, None, None, None, None, None, None]",26.0,ut00c88185-c110861b-985a3bce,mini1_prod2,2026.01.09.cr71553,CONNECTED,94,,0.0,0.0476190485060215,1222195.0,96217.3359375,45.00255584716797,64,0.0,False,,,,167.23199462890625,80.78987121582031,True,True,True,19,,,
2026-01-21T06:49:36.730163Z,ut00c88185-c110861b-985a3bce,CONNECTED,95,1222195.0,96217.3359375,0.0,45.61720275878906,,0.0,167.35189819335938,80.77069091796875,0.0,45.61720275878906,,,,19,mini1_prod2,2026.01.09.cr71553,False,False,False,False,False,False,False,True,False,False,False,False,False,False,False,False,False,False,False,False,"[None, None, None, None, None, None, None, None, None, None, None, None]","[None, None, None, None, None, None, None, None, None, None, None, None]",26.0,ut00c88185-c110861b-985a3bce,mini1_prod2,2026.01.09.cr71553,CONNECTED,95,,0.0,0.0,1222195.0,96217.3359375,45.61720275878906,64,0.0,False,,,,167.35189819335938,80.77069091796875,True,True,True,19,,,
2026-01-21T06:49:37.350810Z,ut00c88185-c110861b-985a3bce,CONNECTED,95,908947.625,83483.4296875,0.0,46.22441864013672,,0.0,167.31300354003906,80.78035736083984,0.0,46.22441864013672,,,,19,mini1_prod2,2026.01.09.cr71553,False,False,False,False,False,False,False,True,False,False,False,False,False,False,False,False,False,False,False,False,"[None, None, None, None, None, None, None, None, None, None, None, None]","[None, None, None, None, None, None, None, None, None, None, None, None]",27.0,ut00c88185-c110861b-985a3bce,mini1_prod2,2026.01.09.cr71553,CONNECTED,95,,0.0,0.0,908947.625,83483.4296875,46.22441864013672,64,0.0,False,,,,167.31300354003906,80.78035736083984,True,True,True,19,,,
2026-01-21T06:49:38.008239Z,ut00c88185-c110861b-985a3bce,CONNECTED,96,1221842.75,86327.1640625,0.0,47.108543395996094,,0.0,167.49801635742188,80.77252197265625,0.0,47.108543395996094,,,,19,mini1_prod2,2026.01.09.cr71553,False,False,False,False,False,False,False,True,False,False,False,False,False,False,False,False,False,False,False,False,"[None, None, None, None, None, None, None, None, None, None, None, None]","[None, None, None, None, None, None, None, None, None, None, None, None]",28.0,ut00c88185-c110861b-985a3bce,mini1_prod2,2026.01.09.cr71553,CONNECTED,96,,0.0,0.0,1221842.75,86327.1640625,47.108543395996094,64,0.0,False,,,,167.49801635742188,80.77252197265625,True,True,True,19,,,
2026-01-21T06:49:38.629937Z,ut00c88185-c110861b-985a3bce,CONNECTED,97,1221842.75,86327.1640625,0.0,48.22629165649414,,0.0,167.74205017089844,80.79722595214844,0.0,48.22629165649414,,,,19,mini1_prod2,2026.01.09.cr71553,False,False,False,False,False,False,False,True,False,False,False,False,False,False,False,False,False,False,False,False,"[None, None, None, None, None, None, None, None, None, None, None, None]","[None, None, None, None, None, None, None, None, None, None, None, None]",28.0,ut00c88185-c110861b-985a3bce,mini1_prod2,2026.01.09.cr71553,CONNECTED,97,,0.0,0.0,1221842.75,86327.1640625,48.22629165649414,64,0.0,False,,,,167.74205017089844,80.79722595214844,True,True,True,19,,,
2026-01-21T06:49:39.249694Z,ut00c88185-c110861b-985a3bce,CONNECTED,97,1213756.125,85723.1875,0.0,49.03203582763672,,0.0,167.98019409179688,80.83370208740234,0.0,49.03203582763672,,,,19,mini1_prod2,2026.01.09.cr71553,False,False,False,False,False,False,False,True,False,False,False,False,False,False,False,False,False,False,False,False,"[None, None, None, None, None, None, None, None, None, None, None, None]","[None, None, None, None, None, None, None, None, None, None, None, None]",29.0,ut00c88185-c110861b-985a3bce,mini1_prod2,2026.01.09.cr71553,CONNECTED,97,,0.0,0.0,1213756.125,85723.1875,49.03203582763672,64,0.0,False,,,,167.98019409179688,80.83370208740234,True,True,True,19,,,
2026-01-21T06:49:39.909627Z,ut00c88185-c110861b-985a3bce,CONNECTED,98,1054800.375,99111.40625,0.0,49.62489318847656,,0.0,167.882080078125,80.82412719726562,0.0,49.62489318847656,,,,18,mini1_prod2,2026.01.09.cr71553,False,False,False,False,False,False,False,True,False,False,False,False,False,False,False,False,False,False,False,False,"[None, None, None, None, None, None, None, None, None, None, None, None]","[None, None, None, None, None, None, None, None, None, None, None, None]",30.0,ut00c88185-c110861b-985a3bce,mini1_prod2,2026.01.09.cr71553,CONNECTED,98,,0.0,0.0,1054800.375,99111.40625,49.62489318847656,64,0.0,False,,,,167.882080078125,80.82412719726562,True,True,True,18,,,
2026-01-21T06:49:40.530480Z,ut00c88185-c110861b-985a3bce,CONNECTED,99,1054800.375,99111.40625,0.0,50.387908935546875,,0.0,167.49679565429688,80.81732177734375,0.0,50.387908935546875,,,,18,mini1_prod2,2026.01.09.cr71553,False,False,False,False,False,False,False,True,False,False,False,False,False,False,False,False,False,False,False,False,"[None, None, None, None, None, None, None, None, None, None, None, None]","[None, None, None, None, None, None, None, None, None, None, None, None]",30.0,ut00c88185-c110861b-985a3bce,mini1_prod2,2026.01.09.cr71553,CONNECTED,99,,0.0,0.0,1054800.375,99111.40625,50.387908935546875,64,0.0,False,,,,167.49679565429688,80.81732177734375,True,True,True,18,,,
2026-01-21T06:49:41.149486Z,ut00c88185-c110861b-985a3bce,CONNECTED,99,1485706.375,87551.8984375,0.0,51.17230987548828,,0.0,167.13388061523438,80.80572509765625,0.0,51.17230987548828,,,,18,mini1_prod2,2026.01.09.cr71553,False,False,False,False,False,False,False,True,False,False,False,False,False,False,False,False,False,False,False,False,"[None, None, None, None, None, None, None, None, None, None, None, None]","[None, None, None, None, None, None, None, None, None, None, None, None]",31.0,ut00c88185-c110861b-985a3bce,mini1_prod2,2026.01.09.cr71553,CONNECTED,99,,0.0,0.0,1485706.375,87551.8984375,51.17230987548828,64,0.0,False,,,,167.13388061523438,80.80572509765625,True,True,True,18,,,
2026-01-21T06:49:41.829670Z,ut00c88185-c110861b-985a3bce,CONNECTED,100,1485706.375,87551.8984375,0.0,52.0628662109375,,0.0,166.83364868164062,80.76882934570312,0.0,52.0628662109375,,,,16,mini1_prod2,2026.01.09.cr71553,False,False,False,False,False,False,False,True,False,False,False,False,False,False,False,False,False,False,False,False,"[None, None, None, None, None, None, None, None, None, None, None, None]","[None, None, None, None, None, None, None, None, None, None, None, None]",32.0,ut00c88185-c110861b-985a3bce,mini1_prod2,2026.01.09.cr71553,CONNECTED,100,,0.0,0.0,1485706.375,87551.8984375,52.0628662109375,64,0.0,False,,,,166.83364868164062,80.76882934570312,True,True,True,16,,,
2026-01-21T06:49:42.449013Z,ut00c88185-c110861b-985a3bce,CONNECTED,101,1227186.25,103448.3125,0.0,52.687164306640625,,0.0,166.69766235351562,80.76846313476562,0.0,52.687164306640625,,,,19,mini1_prod2,2026.01.09.cr71553,False,False,False,False,False,False,False,True,False,False,False,False,False,False,False,False,False,False,False,False,"[None, None, None, None, None, None, None, None, None, None, None, None]","[None, None, None, None, None, None, None, None, None, None, None, None]",32.0,ut00c88185-c110861b-985a3bce,mini1_prod2,2026.01.09.cr71553,CONNECTED,101,,0.0,0.0,1227186.25,103448.3125,52.687164306640625,64,0.0,False,,,,166.69766235351562,80.76846313476562,True,True,True,19,,,
2026-01-21T06:49:43.110515Z,ut00c88185-c110861b-985a3bce,CONNECTED,101,1237579.75,83760.25,0.0,53.2935905456543,,0.0,166.84495544433594,80.78260040283203,0.0,53.2935905456543,,,,19,mini1_prod2,2026.01.09.cr71553,False,False,False,False,False,False,False,True,False,False,False,False,False,False,False,False,False,False,False,False,"[None, None, None, None, None, None, None, None, None, None, None, None]","[None, None, None, None, None, None, None, None, None, None, None, None]",33.0,ut00c88185-c110861b-985a3bce,mini1_prod2,2026.01.09.cr71553,CONNECTED,101,,0.0,0.0,1237579.75,83760.25,53.2935905456543,64,0.0,False,,,,166.84495544433594,80.78260040283203,True,True,True,19,,,
2026-01-21T06:49:43.749538Z,ut00c88185-c110861b-985a3bce,CONNECTED,102,1237579.75,83760.25,0.0,53.73027038574219,,0.0,167.09185791015625,80.79999542236328,0.0,53.73027038574219,,,,19,mini1_prod2,2026.01.09.cr71553,False,False,False,False,False,False,False,True,False,False,False,False,False,False,False,False,False,False,False,False,"[None, None, None, None, None, None, None, None, None, None, None, None]","[None, None, None, None, None, None, None, None, None, None, None, None]",33.0,ut00c88185-c110861b-985a3bce,mini1_prod2,2026.01.09.cr71553,CONNECTED,102,,0.0,0.0,1237579.75,83760.25,53.73027038574219,64,0.0,False,,,,167.09185791015625,80.79999542236328,True,True,True,19,,,
2026-01-21T06:49:44.408069Z,ut00c88185-c110861b-985a3bce,CONNECTED,102,1278683.875,97853.109375,0.0,54.4063720703125,,0.0,167.21514892578125,80.85520935058594,0.0,54.4063720703125,,,,19,mini1_prod2,2026.01.09.cr71553,False,False,False,False,False,False,False,True,False,False,False,False,False,False,False,False,False,False,False,False,"[None, None, None, None, None, None, None, None, None, None, None, None]","[None, None, None, None, None, None, None, None, None, None, None, None]",34.0,ut00c88185-c110861b-985a3bce,mini1_prod2,2026.01.09.cr71553,CONNECTED,102,,0.0,0.0,1278683.875,97853.109375,54.4063720703125,64,0.0,False,,,,167.21514892578125,80.85520935058594,True,True,True,19,,,
2026-01-21T06:49:45.030016Z,ut00c88185-c110861b-985a3bce,CONNECTED,103,1200174.875,52571.40625,0.0,54.864784240722656,,0.0,167.2766876220703,80.87327575683594,0.0,54.864784240722656,,,,18,mini1_prod2,2026.01.09.cr71553,False,False,False,False,False,False,False,True,False,False,False,False,False,False,False,False,False,False,False,False,"[None, None, None, None, None, None, None, None, None, None, None, None]","[None, None, None, None, None, None, None, None, None, None, None, None]",35.0,ut00c88185-c110861b-985a3bce,mini1_prod2,2026.01.09.cr71553,CONNECTED,103,,0.0,0.0,1200174.875,52571.40625,54.864784240722656,64,0.0,False,,,,167.2766876220703,80.87327575683594,True,True,True,18,,,
2026-01-21T06:49:45.667409Z,ut00c88185-c110861b-985a3bce,CONNECTED,104,1200174.875,52571.40625,0.0,55.420013427734375,,0.0,167.27734375,80.86219024658203,0.0,55.420013427734375,,,,19,mini1_prod2,2026.01.09.cr71553,False,False,False,False,False,False,False,True,False,False,False,False,False,False,False,False,False,False,False,False,"[None, None, None, None, None, None, None, None, None, None, None, None]","[None, None, None, None, None, None, None, None, None, None, None, None]",35.0,ut00c88185-c110861b-985a3bce,mini1_prod2,2026.01.09.cr71553,CONNECTED,104,,0.0,0.0,1200174.875,52571.40625,55.420013427734375,64,0.0,False,,,,167.27734375,80.86219024658203,True,True,True,19,,,
2026-01-21T06:49:46.349565Z,ut00c88185-c110861b-985a3bce,CONNECTED,104,1199487.0,84724.9375,0.0,56.06105041503906,,0.0,167.34764099121094,80.87371063232422,0.0,56.06105041503906,,,,19,mini1_prod2,2026.01.09.cr71553,False,False,False,False,False,False,False,True,False,False,False,False,False,False,False,False,False,False,False,False,"[None, None, None, None, None, None, None, None, None, None, None, None]","[None, None, None, None, None, None, None, None, None, None, None, None]",36.0,ut00c88185-c110861b-985a3bce,mini1_prod2,2026.01.09.cr71553,CONNECTED,104,,0.0,0.0,1199487.0,84724.9375,56.06105041503906,64,0.0,False,,,,167.34764099121094,80.87371063232422,True,True,True,19,,,
2026-01-21T06:49:47.008365Z,ut00c88185-c110861b-985a3bce,CONNECTED,105,1223176.5,116333.21875,0.0,56.62057876586914,,0.0,167.3834686279297,80.8856201171875,0.0,56.62057876586914,,,,19,mini1_prod2,2026.01.09.cr71553,False,False,False,False,False,False,False,True,False,False,False,False,False,False,False,False,False,False,False,False,"[None, None, None, None, None, None, None, None, None, None, None, None]","[None, None, None, None, None, None, None, None, None, None, None, None]",37.0,ut00c88185-c110861b-985a3bce,mini1_prod2,2026.01.09.cr71553,CONNECTED,105,,0.0,0.0,1223176.5,116333.21875,56.62057876586914,64,0.0,False,,,,167.3834686279297,80.8856201171875,True,True,True,19,,,
2026-01-21T06:49:47.629881Z,ut00c88185-c110861b-985a3bce,CONNECTED,106,1223176.5,116333.21875,0.0,56.91144561767578,,0.0,167.4689483642578,80.8631362915039,0.0,56.91144561767578,,,,19,mini1_prod2,2026.01.09.cr71553,False,False,False,False,False,False,False,True,False,False,False,False,False,False,False,False,False,False,False,False,"[None, None, None, None, None, None, None, None, None, None, None, None]","[None, None, None, None, None, None, None, None, None, None, None, None]",37.0,ut00c88185-c110861b-985a3bce,mini1_prod2,2026.01.09.cr71553,CONNECTED,106,,0.0,0.0,1223176.5,116333.21875,56.91144561767578,64,0.0,False,,,,167.4689483642578,80.8631362915039,False,True,True,19,,,
2026-01-21T06:49:48.249530Z,ut00c88185-c110861b-985a3bce,CONNECTED,106,106803.7578125,115183.9765625,0.0,54.983177185058594,,0.0,167.4910430908203,80.86607360839844,0.0,54.983177185058594,,,,19,mini1_prod2,2026.01.09.cr71553,False,False,False,False,False,False,False,True,False,False,False,False,False,False,False,False,False,False,False,False,"[None, None, None, None, None, None, None, None, None, None, None, None]","[None, None, None, None, None, None, None, None, None, None, None, None]",38.0,ut00c88185-c110861b-985a3bce,mini1_prod2,2026.01.09.cr71553,CONNECTED,106,,0.0,0.0,106803.7578125,115183.9765625,54.983177185058594,64,0.0,False,,,,167.4910430908203,80.86607360839844,False,True,True,19,,,
2026-01-21T06:49:48.868680Z,ut00c88185-c110861b-985a3bce,CONNECTED,107,53980.69140625,65666.0234375,0.0,55.210968017578125,,0.0,167.52978515625,80.86672973632812,0.0,55.210968017578125,,,,18,mini1_prod2,2026.01.09.cr71553,False,False,False,False,False,False,False,True,False,False,False,False,False,False,False,False,False,False,False,False,"[None, None, None, None, None, None, None, None, None, None, None, None]","[None, None, None, None, None, None, None, None, None, None, None, None]",38.0,ut00c88185-c110861b-985a3bce,mini1_prod2,2026.01.09.cr71553,CONNECTED,107,,0.0,0.0,53980.69140625,65666.0234375,55.210968017578125,64,0.0,False,,,,167.52978515625,80.86672973632812,False,True,True,18,,,
2026-01-21T06:49:49.529985Z,ut00c88185-c110861b-985a3bce,CONNECTED,108,53980.69140625,65666.0234375,0.20000000298023224,55.210968017578125,,0.0,167.48849487304688,80.85375213623047,0.20000000298023224,55.210968017578125,,,,19,mini1_prod2,2026.01.09.cr71553,False,False,False,False,False,False,False,True,False,False,False,False,False,False,False,False,False,False,False,False,"[None, None, None, None, None, None, None, None, None, None, None, None]","[None, None, None, None, None, None, None, None, None, None, None, None]",38.0,ut00c88185-c110861b-985a3bce,mini1_prod2,2026.01.09.cr71553,CONNECTED,108,,0.0,0.20000000298023224,53980.69140625,65666.0234375,55.210968017578125,64,0.0,False,,,,167.48849487304688,80.85375213623047,False,True,True,19,,,
2026-01-21T06:49:50.149206Z,ut00c88185-c110861b-985a3bce,NO_PINGS,108,536.8709106445312,56723.765625,0.3499999940395355,55.683780670166016,,0.0,167.56239318847656,80.84573364257812,0.3499999940395355,55.683780670166016,,,,19,mini1_prod2,2026.01.09.cr71553,False,False,False,False,False,False,False,True,False,False,False,False,False,False,False,False,False,False,False,False,"[None, None, None, None, None, None, None, None, None, None, None, None]","[None, None, None, None, None, None, None, None, None, None, None, None]",38.0,ut00c88185-c110861b-985a3bce,mini1_prod2,2026.01.09.cr71553,NO_PINGS,108,,0.0,0.3499999940395355,536.8709106445312,56723.765625,55.683780670166016,64,0.0,False,,,,167.56239318847656,80.84573364257812,False,True,True,19,,,
2026-01-21T06:49:50.829825Z,ut00c88185-c110861b-985a3bce,CONNECTED,109,536.8709106445312,56723.765625,0.550000011920929,56.211143493652344,,0.0,167.55381774902344,80.84642028808594,0.550000011920929,56.211143493652344,,,,18,mini1_prod2,2026.01.09.cr71553,False,False,False,False,False,False,False,True,False,False,False,False,False,False,False,False,False,False,False,False,"[None, None, None, None, None, None, None, None, None, None, None, None]","[None, None, None, None, None, None, None, None, None, None, None, None]",38.0,ut00c88185-c110861b-985a3bce,mini1_prod2,2026.01.09.cr71553,CONNECTED,109,,0.0,0.550000011920929,536.8709106445312,56723.765625,56.211143493652344,64,0.0,False,,,,167.55381774902344,80.84642028808594,False,True,True,18,,,
2026-01-21T06:49:51.529297Z,ut00c88185-c110861b-985a3bce,CONNECTED,110,227373.21875,72611.7890625,0.75,56.65940475463867,,0.0,167.56739807128906,80.86616516113281,0.75,56.65940475463867,,,,18,mini1_prod2,2026.01.09.cr71553,False,False,False,False,False,False,False,True,False,False,False,False,False,False,False,False,False,False,False,False,"[None, None, None, None, None, None, None, None, None, None, None, None]","[None, None, None, None, None, None, None, None, None, None, None, None]",38.0,ut00c88185-c110861b-985a3bce,mini1_prod2,2026.01.09.cr71553,CONNECTED,110,,0.0,0.75,227373.21875,72611.7890625,56.65940475463867,64,0.0,False,,,,167.56739807128906,80.86616516113281,False,True,True,18,,,
2026-01-21T06:49:52.149105Z,ut00c88185-c110861b-985a3bce,CONNECTED,110,151481.484375,156002.9375,0.6499999761581421,57.216854095458984,,0.0,167.33790588378906,80.76826477050781,0.6499999761581421,57.216854095458984,,,,18,mini1_prod2,2026.01.09.cr71553,False,False,False,False,False,False,False,True,False,False,False,False,False,False,False,False,False,False,False,False,"[None, None, None, None, None, None, None, None, None, None, None, None]","[None, None, None, None, None, None, None, None, None, None, None, None]",38.0,ut00c88185-c110861b-985a3bce,mini1_prod2,2026.01.09.cr71553,CONNECTED,110,,0.0,0.6499999761581421,151481.484375,156002.9375,57.216854095458984,64,0.0,False,,,,167.33790588378906,80.76826477050781,False,True,True,18,,,
2026-01-21T06:50:25.234553Z,ut00c88185-c110861b-985a3bce,CONNECTED,143,1183540.375,15451.81640625,0.0,62.44346237182617,,0.0,165.0773162841797,80.83062744140625,0.0,62.44346237182617,,,,21,mini1_prod2,2026.01.09.cr71553,False,False,False,False,False,False,False,True,False,False,False,False,False,False,False,False,False,False,False,False,"[None, None, None, None, None, None, None, None, None, None, None, None]","[None, None, None, None, None, None, None, None, None, None, None, None]",60.0,ut00c88185-c110861b-985a3bce,mini1_prod2,2026.01.09.cr71553,CONNECTED,143,,0.0,0.0,1183540.375,15451.81640625,62.44346237182617,64,0.0,False,,,,165.0773162841797,80.83062744140625,True,True,True,21,,,
2026-01-21T06:50:25.849699Z,ut00c88185-c110861b-985a3bce,CONNECTED,144,1240138.25,57864.6171875,0.0,62.7369384765625,,0.0,165.11964416503906,80.84600067138672,0.0,62.7369384765625,,,,20,mini1_prod2,2026.01.09.cr71553,False,False,False,False,False,False,False,True,False,False,False,False,False,False,False,False,False,False,False,False,"[None, None, None, None, None, None, None, None, None, None, None, None]","[None, None, None, None, None, None, None, None, None, None, None, None]",61.0,ut00c88185-c110861b-985a3bce,mini1_prod2,2026.01.09.cr71553,CONNECTED,144,,0.0,0.0,1240138.25,57864.6171875,62.7369384765625,64,0.0,False,,,,165.11964416503906,80.84600067138672,True,True,True,20,,,
2026-01-21T06:50:26.508586Z,ut00c88185-c110861b-985a3bce,CONNECTED,145,1240138.25,57864.6171875,0.0,62.99380874633789,,0.0,165.0479278564453,80.85768127441406,0.0,62.99380874633789,,,,20,mini1_prod2,2026.01.09.cr71553,False,False,False,False,False,False,False,True,False,False,False,False,False,False,False,False,False,False,False,False,"[None, None, None, None, None, None, None, None, None, None, None, None]","[None, None, None, None, None, None, None, None, None, None, None, None]",61.0,ut00c88185-c110861b-985a3bce,mini1_prod2,2026.01.09.cr71553,CONNECTED,145,,0.0,0.0,1240138.25,57864.6171875,62.99380874633789,64,0.0,False,,,,165.0479278564453,80.85768127441406,True,True,True,20,,,
2026-01-21T06:50:27.130554Z,ut00c88185-c110861b-985a3bce,CONNECTED,145,1273600.375,86872.421875,0.0,63.70561218261719,,0.0,164.96633911132812,80.88495635986328,0.0,63.70561218261719,,,,20,mini1_prod2,2026.01.09.cr71553,False,False,False,False,False,False,False,True,False,False,False,False,False,False,False,False,False,False,False,False,"[None, None, None, None, None, None, None, None, None, None, None, None]","[None, None, None, None, None, None, None, None, None, None, None, None]",62.0,ut00c88185-c110861b-985a3bce,mini1_prod2,2026.01.09.cr71553,CONNECTED,145,,0.0,0.0,1273600.375,86872.421875,63.70561218261719,64,0.0,False,,,,164.96633911132812,80.88495635986328,True,True,True,20,,,
2026-01-21T06:50:27.769133Z,ut00c88185-c110861b-985a3bce,CONNECTED,146,1273600.375,86872.421875,0.0,64.64048767089844,,0.0,164.96807861328125,80.89985656738281,0.0,64.64048767089844,,,,20,mini1_prod2,2026.01.09.cr71553,False,False,False,False,False,False,False,True,False,False,False,False,False,False,False,False,False,False,False,False,"[None, None, None, None, None, None, None, None, None, None, None, None]","[None, None, None, None, None, None, None, None, None, None, None, None]",62.0,ut00c88185-c110861b-985a3bce,mini1_prod2,2026.01.09.cr71553,CONNECTED,146,,0.0,0.0,1273600.375,86872.421875,64.64048767089844,64,0.0,False,,,,164.96807861328125,80.89985656738281,True,True,True,20,,,
2026-01-21T06:50:28.388798Z,ut00c88185-c110861b-985a3bce,CONNECTED,146,1056603.875,94556.390625,0.0,65.43892669677734,,0.0,164.706298828125,80.93031311035156,0.0,65.43892669677734,,,,20,mini1_prod2,2026.01.09.cr71553,False,False,False,False,False,False,False,True,False,False,False,False,False,False,False,False,False,False,False,False,"[None, None, None, None, None, None, None, None, None, None, None, None]","[None, None, None, None, None, None, None, None, None, None, None, None]",63.0,ut00c88185-c110861b-985a3bce,mini1_prod2,2026.01.09.cr71553,CONNECTED,146,,0.0,0.0,1056603.875,94556.390625,65.43892669677734,64,0.0,False,,,,164.706298828125,80.93031311035156,True,True,True,20,,,
2026-01-21T06:50:28.988988Z,ut00c88185-c110861b-985a3bce,CONNECTED,147,1939874.0,302249.9375,0.0,65.74331665039062,,0.0,164.89537048339844,80.93700408935547,0.0,65.74331665039062,,,,21,mini1_prod2,2026.01.09.cr71553,False,False,False,False,False,False,False,True,False,False,False,False,False,False,False,False,False,False,False,False,"[None, None, None, None, None, None, None, None, None, None, None, None]","[None, None, None, None, None, None, None, None, None, None, None, None]",64.0,ut00c88185-c110861b-985a3bce,mini1_prod2,2026.01.09.cr71553,CONNECTED,147,,0.0,0.0,1939874.0,302249.9375,65.74331665039062,64,0.0,False,,,,164.89537048339844,80.93700408935547,True,True,True,21,,,
2026-01-21T06:50:29.588573Z,ut00c88185-c110861b-985a3bce,CONNECTED,148,1939874.0,302249.9375,0.0,66.27511596679688,,0.0,165.13290405273438,80.95536804199219,0.0,66.27511596679688,,,,19,mini1_prod2,2026.01.09.cr71553,False,False,False,False,False,False,False,True,False,False,False,False,False,False,False,False,False,False,False,False,"[None, None, None, None, None, None, None, None, None, None, None, None]","[None, None, None, None, None, None, None, None, None, None, None, None]",64.0,ut00c88185-c110861b-985a3bce,mini1_prod2,2026.01.09.cr71553,CONNECTED,148,,0.0,0.0,1939874.0,302249.9375,66.27511596679688,64,0.0,False,,,,165.13290405273438,80.95536804199219,True,True,True,19,,,
2026-01-21T06:50:30.188874Z,ut00c88185-c110861b-985a3bce,CONNECTED,148,1210291.625,123673.25,0.0,66.66588592529297,,0.0,165.1876220703125,80.92306518554688,0.0,66.66588592529297,,,,19,mini1_prod2,2026.01.09.cr71553,False,False,False,False,False,False,False,True,False,False,False,False,False,False,False,False,False,False,False,False,"[None, None, None, None, None, None, None, None, None, None, None, None]","[None, None, None, None, None, None, None, None, None, None, None, None]",65.0,ut00c88185-c110861b-985a3bce,mini1_prod2,2026.01.09.cr71553,CONNECTED,148,,0.0,0.0,1210291.625,123673.25,66.66588592529297,64,0.0,False,,,,165.1876220703125,80.92306518554688,True,True,True,19,,,
2026-01-21T06:50:30.788866Z,ut00c88185-c110861b-985a3bce,CONNECTED,149,1210291.625,123673.25,0.0,67.05033874511719,,0.0,165.20498657226562,80.9139404296875,0.0,67.05033874511719,,,,17,mini1_prod2,2026.01.09.cr71553,False,False,False,False,False,False,False,True,False,False,False,False,False,False,False,False,False,False,False,False,"[None, None, None, None, None, None, None, None, None, None, None, None]","[None, None, None, None, None, None, None, None, None, None, None, None]",65.0,ut00c88185-c110861b-985a3bce,mini1_prod2,2026.01.09.cr71553,CONNECTED,149,,0.0,0.0,1210291.625,123673.25,67.05033874511719,64,0.0,False,,,,165.20498657226562,80.9139404296875,True,True,True,17,,,
2026-01-21T06:50:31.388781Z,ut00c88185-c110861b-985a3bce,CONNECTED,149,1336087.125,109748.15625,0.0,67.45306396484375,,0.0,165.52487182617188,80.91686248779297,0.0,67.45306396484375,,,,17,mini1_prod2,2026.01.09.cr71553,False,False,False,False,False,False,False,True,False,False,False,False,False,False,False,False,False,False,False,False,"[None, None, None, None, None, None, None, None, None, None, None, None]","[None, None, None, None, None, None, None, None, None, None, None, None]",66.0,ut00c88185-c110861b-985a3bce,mini1_prod2,2026.01.09.cr71553,CONNECTED,149,,0.0,0.0,1336087.125,109748.15625,67.45306396484375,64,0.0,False,,,,165.52487182617188,80.91686248779297,True,True,True,17,,,
2026-01-21T06:50:31.988818Z,ut00c88185-c110861b-985a3bce,CONNECTED,150,1258383.5,268359.96875,0.0,67.8510971069336,,0.0,165.78750610351562,80.90962219238281,0.0,67.8510971069336,,,,17,mini1_prod2,2026.01.09.cr71553,False,False,False,False,False,False,False,True,False,False,False,False,False,False,False,False,False,False,False,False,"[None, None, None, None, None, None, None, None, None, None, None, None]","[None, None, None, None, None, None, None, None, None, None, None, None]",67.0,ut00c88185-c110861b-985a3bce,mini1_prod2,2026.01.09.cr71553,CONNECTED,150,,0.0,0.0,1258383.5,268359.96875,67.8510971069336,64,0.0,False,,,,165.78750610351562,80.90962219238281,True,True,True,17,,,
2026-01-21T06:50:32.588743Z,ut00c88185-c110861b-985a3bce,CONNECTED,151,1258383.5,268359.96875,0.0,67.4264144897461,,0.0,165.76356506347656,80.94805908203125,0.0,67.4264144897461,,,,18,mini1_prod2,2026.01.09.cr71553,False,False,False,False,False,False,False,True,False,False,False,False,False,False,False,False,False,False,False,False,"[None, None, None, None, None, None, None, None, None, None, None, None]","[None, None, None, None, None, None, None, None, None, None, None, None]",67.0,ut00c88185-c110861b-985a3bce,mini1_prod2,2026.01.09.cr71553,CONNECTED,151,,0.0,0.0,1258383.5,268359.96875,67.4264144897461,64,0.0,False,,,,165.76356506347656,80.94805908203125,True,True,True,18,,,
2026-01-21T06:50:33.188673Z,ut00c88185-c110861b-985a3bce,CONNECTED,151,1116850.875,330125.28125,0.0,66.3102035522461,,0.0,166.16932678222656,80.85645294189453,0.0,66.3102035522461,,,,18,mini1_prod2,2026.01.09.cr71553,False,False,False,False,False,False,False,True,False,False,False,False,False,False,False,False,False,False,False,False,"[None, None, None, None, None, None, None, None, None, None, None, None]","[None, None, None, None, None, None, None, None, None, None, None, None]",68.0,ut00c88185-c110861b-985a3bce,mini1_prod2,2026.01.09.cr71553,CONNECTED,151,,0.0,0.0,1116850.875,330125.28125,66.3102035522461,64,0.0,False,,,,166.16932678222656,80.85645294189453,True,True,True,18,,,
2026-01-21T06:50:33.788737Z,ut00c88185-c110861b-985a3bce,CONNECTED,152,1116850.875,330125.28125,0.0,65.3438491821289,,0.0,166.26052856445312,80.87999725341797,0.0,65.3438491821289,,,,19,mini1_prod2,2026.01.09.cr71553,False,False,False,False,False,False,False,True,False,False,False,False,False,False,False,False,False,False,False,False,"[None, None, None, None, None, None, None, None, None, None, None, None]","[None, None, None, None, None, None, None, None, None, None, None, None]",68.0,ut00c88185-c110861b-985a3bce,mini1_prod2,2026.01.09.cr71553,CONNECTED,152,,0.0,0.0,1116850.875,330125.28125,65.3438491821289,64,0.0,False,,,,166.26052856445312,80.87999725341797,True,True,True,19,,,
2026-01-21T06:50:34.389022Z,ut00c88185-c110861b-985a3bce,CONNECTED,152,1632876.125,311880.0625,0.0,64.26541900634766,,0.0,166.450927734375,80.91685485839844,0.0,64.26541900634766,,,,19,mini1_prod2,2026.01.09.cr71553,False,False,False,False,False,False,False,True,False,False,False,False,False,False,False,False,False,False,False,False,"[None, None, None, None, None, None, None, None, None, None, None, None]","[None, None, None, None, None, None, None, None, None, None, None, None]",68.0,ut00c88185-c110861b-985a3bce,mini1_prod2,2026.01.09.cr71553,CONNECTED,152,,0.0,0.0,1632876.125,311880.0625,64.26541900634766,64,0.0,False,,,,166.450927734375,80.91685485839844,True,True,True,19,,,
2026-01-21T06:50:34.989358Z,ut00c88185-c110861b-985a3bce,CONNECTED,153,1367351.5,354922.0,0.0,63.55268096923828,,0.0,166.4032745361328,80.95960235595703,0.0,63.55268096923828,,,,18,mini1_prod2,2026.01.09.cr71553,False,False,False,False,False,False,False,True,False,False,False,False,False,False,False,False,False,False,False,False,"[None, None, None, None, None, None, None, None, None, None, None, None]","[None, None, None, None, None, None, None, None, None, None, None, None]",69.0,ut00c88185-c110861b-985a3bce,mini1_prod2,2026.01.09.cr71553,CONNECTED,153,,0.0,0.0,1367351.5,354922.0,63.55268096923828,64,0.0,False,,,,166.4032745361328,80.95960235595703,True,True,True,18,,,
